Description,Category,Available Qty,Cost,Whole Sale Price,Price,Alt Price 1,Alt Price 2
THROTTLE CABLE PCX 150,PANTRA,9,,65,150,,
THROTTLE CABLE SNIPER 150,PANTRA,3,,65,150,,
THROTTLE CABLE RFI/CARB 150,PANTRA,2,,65,150,,
THROTTLE CABLE NMAX,PANTRA,4,,65,150,,
THROTTLE CABLE M3,PANTRA,4,,65,150,,
THROTTLE CABLE SPORTY,PANTRA,9,,65,150,,
THROTTLE CABLE HONDA RS,PANTRA,2,,280,450,,
THROTTLE CABLE WAVE 100,PANTRA,13,,65,150,,
THROTTLE CABLE XRM 125,PANTRA,9,,65,150,,
THROTTLE CABLE XRM 110,PANTRA,11,,65,150,,
THROTTLE CABLE WAVE 125,PANTRA,9,,,150,,
THROTTLE CABLE TMX 125,PANTRA,16,,,150,,
 THROTTLE CABLE TMX 155,PANTRA,13,,,150,,
THROTTLE CABLE BARAKO,PANTRA,18,,,150,,
THROTTLE CABLE CLICK 125,PANTRA,2,,,150,,
CLUTCH CABLE RAIDER CARB,PANTRA,0,,,,,
CLUTCH CABLE RAIDER CARB,PANTRA,2,,,150,,
CLUTCH CABLE TMX 155,PANTRA,6,,,150,,
CLUTCH CABLE BARAKO,PANTRA,8,,,150,,
CLUTCH CABLE TMX 125,PANTRA,23,,,150,,
CLUTCH CABLE  ROUSER135,PANTRA,1,,,150,,
SPEED CABLE CT100,PANTRA,2,,,150,,
SPEED CABLE  M3,PANTRA,3,,,150,,
SPEED CABLE  BARAKO 175,PANTRA,2,,,150,,
SPEED CABLE  RUSI 125,PANTRA,1,,,150,,
BRAKE CABLE CLICK 125,PANTRA,1,,,150,,
BRAKE CABLE  BEAT,PANTRA,5,,,150,,
BRAKE CABLE  M3,PANTRA,3,,,150,,
BRAKE CABLE  SKYDRIVE 125,PANTRA,5,,,150,,
BRAKE CABLE  TMX SUPREMO,PANTRA,9,,,150,,
BRAKE CABLE  TMX 155,PANTRA,11,,,150,,
BRAKE CABLE  TMX 125,PANTRA,6,,,150,,
BRAKE CABLE  BARAKO,PANTRA,11,,,150,,
FLASHER ASSY UNIVERSAL,PANTRA,13,,85,250,,
FLASHER ASSY  TMX ALPHA,PANTRA,5,,85,250,,
 HEADLIGHT SOCKET TMX ALPHA,PANTRA,16,,,150,,
BRAKE SWITCH FRONT TMX,PANTRA,20,,30,80,,
SIGNAL AND PARKLIGHT BULB,PANTRA,13,,8,25,,
TMX ALPHA REGULATOR,PANTRA,12,,250,550,,
REGULATOR MIO SPORTY,PANTRA,10,,250,550,,
REGULATOR TMX 155,PANTRA,1,,250,550,,
REGULATOR XRM 110,PANTRA,5,,,,,
XRM 110 XRM 110,PANTRA,1,,250,550,,
REGULATOR SNIPER 155,PANTRA,1,,250,550,,
REGULATOR MIO M3,PANTRA,2,,250,550,,
REGULATOR NMAX,PANTRA,2,,480,750,,
BENDIX ASSY MIO,PANTRA,5,,320,550,,
STARTER RELAY MIO SPORTY,PANTRA,4,,220,550,,
LEFT AND RIGHT  SWITCH ASSY,PANTRA,2,,550,850,,
TOP HEAD GASKET RUBBER,PANTRA,13,,70,150,,
HORN HARNESS ASSY,PANTRA,7,,80,180,,
DOMINO SWITCH,PANTRA,10,,80,180,,
UNIVERSAL CARBORATOR MANIFOLD,PANTRA,10,,110,250,,
RAM AIR NMAX V2,PANTRA,13,,250,750,,
RAM AIR  PCX,PANTRA,5,,250,750,,
RAM AIR  AEROX V1,PANTRA,4,,250,750,,
RAM AIR  CLICK 160,PANTRA,1,,250,750,,
LDX HANDLE GRIP,PANTRA,5,,110,250,,
TRC BRAKE LINE 210 CM,PANTRA,6,,,,,
TRC BRAKE LINE 170 CM,PANTRA,,,,,,
EARL HOSE 36/90,PANTRA,3,,219,380,,
EARL HOSE  22/55,PANTRA,3,,219,380,,
JRP BRAKE KIT  26/90,PANTRA,2,,1550,2200,,
OVERHAULING GASKET TMX 155,PANTRA,13,,80,180,,
OVERHAULING GASKET  SUPREMO,PANTRA,2,,80,180,,
OVERHAULING GASKET  BARAKO,PANTRA,4,,80,180,,
OVERHAULING GASKET  TMX 125,PANTRA,5,,80,180,,
OVERHAULING GASKET  BAJAJ CT100,PANTRA,3,,80,180,,
OIL SEAL HEAD GASKET WAVE 125,PANTRA,5,,180,350,,
TOP OVERHAULING GASKET BARAKO 175,PANTRA,10,,180,180,,
TOP OVERHAULING GASKET  CG 125,PANTRA,2,,80,150,,
TOP OVERHAULING GASKET TMX 155,PANTRA,3,,80,180,,
 CYLINDER PACKING GY6,PANTRA,5,,80,180,,
 CYLINDER PACKING RAIDER CARB,PANTRA,4,,80,180,,
BALL RACE CT 100,PANTRA,5,,250,450,,
BALL RACE Wave 100,PANTRA,2,,250,450,,
BALL RACE XRM,PANTRA,3,,250,450,,
BALL RACE MIO SPORTY,PANTRA,4,,250,450,,
BALL RACE TMX,PANTRA,1,,250,450,,
BALL RACE BARAKO,PANTRA,2,,250,450,,
EXHAUST GASKET,PANTRA,38,,250,150,,
XRM 110 OVERHAULING GASKET,PANTRA,10,,80,180,,
WAVE 110 OVERHAULING GASKET,PANTRA,10,,80,150,,
OVERHAULING GASKET TMX 155,PANTRA,10,,80,150,,
OVERHAULING GASKET CT 100,PANTRA,5,,,,,
MISHIBA SPROCKET SET,PANTRA,5,,210,380,,
CK SPROCKET SET SET XR 150,PANTRA,2,,950,1500,,
TIGER SPROCKET SET XRM 125 FI,PANTRA,4,,870,1250,,
OKM RACING GOLD SPROCKET SET WAVE 100 XRM 125,PANTRA,7,,870,1150,,
LAZX SPROCKET BARAKO SET,PANTRA,5,,870,1250,,
LAZX SPROCKET SET SMASH 110,PANTRA,3,,870,1150,,
MISHIBA CHAIN SET WAVE 125,PANTRA,9,,910,1250,,
MISHIBA CHAIN SET  TMX,PANTRA,1,,910,1150,,
GOLD CHAIN SET TMX,PANTRA,1,,910,1150,,
OSAKI CHAINSET RAIDER 150,PANTRA,1,,910,1450,,
MUTARRU GOLD CHAIN  RAIDER 150,PANTRA,5,,1150,1850,,
MUTARRU GOLD CHAIN SNIPER 150,PANTRA,4,,1150,1850,,
JONTHAI GOLD CHAIN SNIPER 150,PANTRA,8,,1150,1550,,
PERFECT POWER R15 CHAINSET,PANTRA,2,,1650,1900,,
PERFECT POWER MT15 CHAINSET,PANTRA,2,,1650,1900,,
PERFECT POWER M 15 CHAINSET,PANTRA,2,,1650,1900,,
MITSO TMX SUPREMO  CHAINSET,PANTRA,5,,850,1250,,
RK-M CHAIN,PANTRA,3,,380,550,,
MITSU 120L 428,PANTRA,3,,,,,
MAKOTO 130L 428,PANTRA,1,,,,,
MISHIBA 110L 428,PANTRA,11,,180,380,,
"MAKOTO BRAKE SHOE HD3, HDX, WIND 125",PANTRA,8,,,,,
YAMAKOTO BRAKE SHOE TMX FRONT,PANTRA,25,,,,,
"MISHIBA BRAKE SHOE RS100, HD3",PANTRA,3,,,,,
SUNBEN BRAKE SHOE TMX FRONT,PANTRA,10,,,,,
RZ BRAKE SHOE RS,PANTRA,3,,,,,
MTR BRAKE SHOE SKYDRIVE,PANTRA,5,,,,,
MEHOL BRAKE SHOE CB 125,PANTRA,6,,,,,
"OTAKA BRAKE SHOE TMX 125, CB110, XR150",PANTRA,8,,,,,
"MAKOTO BRAKE SHOE BEAT 110, SUPREMO, CLICK 160",PANTRA,10,,,,,
SPEED POWER BRAKE SHOE TMX 155 REAR,PANTRA,2,,,,,
"MK BRAKE SHOE C100, WAVE 100, WAVE 110",PANTRA,3,,,,,
YAMAKOTO BRAKE SHOE TMX FRONT,PANTRA,1,,,,,
PMK BRAKE SHOE TMX 155 REAR,PANTRA,6,,,,,
GRS BRAKE SHOE BARAKO,PANTRA,1,,,,,
YAMAHA M3 BRAKE,PANTRA,5,,,,,
"HONDA BRAKE SHOE GENUINE CLICK, BEAT",PANTRA,5,,,,,
VGT DISC PAD PCX/ADV REAR,PANTRA,30,,,,,
VGT DISK PAD ADV FRONT,PANTRA,30,,,,,
VGT DISK PAD SNIPER FRONT,PANTRA,29,,,,,
VGT DISC PAD RAIDER 150 REAR,PANTRA,45,,,,,
VGT DISC PAD RAIDER 150 FRONT,PANTRA,13,,,,,
VGT DISC PAD WAVE 125 FRONT,PANTRA,45,,,,,
VGT DISC PAD R150i REAR,PANTRA,8,,,,,
VGT DISC PAD XRM TRINITY,PANTRA,18,,,,,
VGT DISC PAD BEAT FRONT,PANTRA,42,,,,,
TTGR BRAKE SHOE SKYDRIVE,PANTRA,1,,,,,
YAMAHA DISC PAD GENUINE XMAX,PANTRA,4,,,,,
RS8 FORCE DISC PAD R150 FRONT,PANTRA,7,,,,,
RS8 FORCE DISC PAD RAIDER OLD FRONT,PANTRA,10,,,,,
RS8 FORCE DISC PAD CLICK 150,PANTRA,4,,,,,
BENDIX DISC PAD HONDA BEAT/200MGR,PANTRA,6,,,,,
BENDIX DISC PAD MIO SOULD I 125,PANTRA,4,,,,,
HONDA GENUINE DISC PAD CLICK 125,PANTRA,12,,,,,
HONDA GENUINE DISC PAD PCX/ADV,PANTRA,13,,,,,
UNIQUE PERFORMANCE DISC PAD BRASS Rfi FRONT,PANTRA,6,,,,,
SLIDER PIECE GY6,PANTRA,9,,,,,
SLIDER PIECE YAMAHA GENUINE MIO,PANTRA,8,,,,,
SGP VALVE GUIDE SMASH 110,PANTRA,2,,,,,
JAPAN VALVE GUIDE XRM 110,PANTRA,1,,,,,
YAMAHA GENUINE BENDIX KIT MIO,PANTRA,3,,,,,
JAPAN BENDIX KIT XRM 110,PANTRA,5,,,,,
DYNO PRO RACING MANUAL CAM CHAIN TENSIONEL AEROX/NMAX,PANTRA,5,,,,,
DYNO PRO RACING MANUAL CAM CHAIN TENSIONEL RAIDER J/SHOGUN,PANTRA,1,,,,,
DYNO PRO RACING MANUAL CAM CHAIN TENSIONEL WAVE 125/GY6,PANTRA,3,,,,,
RS8 PERFORMANCE CVT LOCKING NUT NMAX/AEROX/M3,PANTRA,12,,,,,
HONDA GENUINE ROLLER COMP CAM CHAIN GUIDE WAVE,PANTRA,8,,,,,
HERO ABS SENSOR DISC PCX,PANTRA,1,,,,,
HERO ABS SENSOR DISC AEROX,PANTRA,1,,,,,
TTGR SIDE STAND SWITCH PCX 160,PANTRA,2,,,,,
TTGR SIDE STAND SWITCH NMAX,PANTRA,2,,,,,
TTGR SIDE STAND SWITCH CLICK 125/150,PANTRA,2,,,,,
TTGR SIDE STAND SWITCH MIO I 125/M3,PANTRA,2,,,,,
TTGR SIDE STAND SWITCH ADV/PCX,PANTRA,2,,,,,
TGO TAKASAGO STOCK PIPE TMX 155,PANTRA,5,,,,,
TGO TAKASAGO STOCK PIPE WAVE 125,PANTRA,3,,,,,
TGO TAKASAGO STOCK PIPE WAVE 100,PANTRA,1,,,,,
STOCK PIPE XRM 110,PANTRA,1,,,,,
STOCK PIPE XRM 125,PANTRA,2,,,,,
STOCK PIPE SMASH 110,PANTRA,3,,,,,
BARAKO CHICKEN PIPE,PANTRA,2,,,,,
YAMAHA GENUINE TORQUE DRIVE NUT 2DP,PANTRA,5,,,,,
HONDA GENUINE TORQUE DRIVE NUT CLICK,PANTRA,4,,,,,
YAMAHA GENUINE MAGNETO OIL SEAL (5MX1) 93102-19800,PANTRA,5,,,,,
YAMAHA GENUINE MAGNETO OIL SEAL M3 2PH-E7641-00,PANTRA,5,,,,,
YAMAHA GENUINE OIL SEAL NMAX 2DP-E7641-00,PANTRA,5,,,,,
YAMAHA GENUINE OIL SEAL AEROX BG3-E7641-00,PANTRA,5,,,,,
HONDA GENUINE MAGNETO OIL SEAL (20-8X32X6) CLICK 125,PANTRA,5,,,,,
HONDA GENUINE PULLEY NUT CLICK,PANTRA,4,,,,,
HONDA GENUINE BELL NUT CLICK,PANTRA,5,,,,,
YAMAHA GENUINE PULLEY NUT MIO SPORTY,PANTRA,5,,,,,
YAMAHA GENUINE PULLEY NUT M3,PANTRA,5,,,,,
YAMAHA GENUINE BELL NUT MIO SPORTY,PANTRA,5,,,,,
FORK OIL SEAL YAMAHA FZ ,PANTRA,5,,,,,
HONDA GENUINE TORQUE DRIVE OIL SEAL CLICK,PANTRA,4,,,,,
YAMAHA GENUINE TORQUE DRIVE OIL SEAL AEROX,PANTRA,3,,,,,
YAMAHA GENUINE TORQUE DRIVE OIL SEAL M3,PANTRA,5,,,,,
HONDA GENUINE TAPET ORING WAVE 125,PANTRA,10,,,,,
YAMAHA GENUINE FUEL PUMP ORING,PANTRA,5,,,,,
HONDA GENUINE AXLE SHAFT OIL SEAL CLICK,PANTRA,3,,,,,
YAMAHA GENUINE BACK PLATE COVER PULLEY,PANTRA,4,,,,,
YAMAHA GENUINE HALFSHELL TORQUE - B6H-E7670-00,PANTRA,2,,,,,
YAMAHA GENUINE HALFSHELL TORQUE - 2SX-E7670-00,PANTRA,2,,,,,
HONDA GENUINE FUEL PUMP ORING,PANTRA,7,,,,,
YAMAHA GENUINE BASE GASKET 2PH-E1351-00,PANTRA,6,,,,,
CYLINDER HEAD JVT SUPER HEAD NMAX AEROX 26/23 MM,ENGINE PERFORMANCE,1,,,24500,,
CYLINDER BLOCK JVT BLOCK NMAX/AEROX 66MM,ENGINE PERFORMANCE,3,,,8800,,
CYLINDER BLOCK JVT BLOCK NMAX/AEROX 63MM,ENGINE PERFORMANCE,8,,,7800,,
CYLINDER BLOCK JVT BLOCK M3 59MM CB,ENGINE PERFORMANCE,14,,,5400,,
CYLINDER BLOCK JVT BLOCK M3 59MM 3B,ENGINE PERFORMANCE,3,,,4100,,
CYLINDER BLOCK JVT BLOCK MIO 59MM,ENGINE PERFORMANCE,2,,,5400,,
CYLINDER BLOCK JVT BLOCK RF1 62MM CB,ENGINE PERFORMANCE,1,,,6200,,
CAMSHAFT JVT CAMSHAFT MIO J20,ENGINE PERFORMANCE,2,,,,,
TSMP HEAD COVER BLACK,ENGINE PERFORMANCE,2,,,,,
TSMP HEAD COVER SILVER,ENGINE PERFORMANCE,2,,,,,
TSMP NMAX/AEROX BLOCK 63MM,ENGINE PERFORMANCE,11,,,,,
TSMP NMAX/AEROX BLOCK 66MM,ENGINE PERFORMANCE,0,,,,,
TSMP NMAX/AEROX BLOCK 66MM LONG SLEEVE,ENGINE PERFORMANCE,2,,,,,
TSMP MIO BLOCK 63MM,ENGINE PERFORMANCE,6,,,,,
TSMP CRANKSHAFT +4 NMAX V1 NMAX V1,ENGINE PERFORMANCE,1,,,,,
TSMP THROTTLE BODY NMAX V2 32MM,ENGINE PERFORMANCE,2,,,,,
TSMP THROTTLE BODY NMAX V2 34MM,ENGINE PERFORMANCE,5,,,,,
TSMP THROTTLE BODY NMAX V2 36MM,ENGINE PERFORMANCE,2,,,,,
TSMP THROTTLE BODY NMAX V2 38MM,ENGINE PERFORMANCE,0,,,,,
TSMP THROTTLE BODY NMAX V2 40MM,ENGINE PERFORMANCE,2,,,,,
TSMP THROTTLE BODY NMAX V1 32MM,ENGINE PERFORMANCE,1,,,,,
TSMP THROTTLE BODY AEROX V1 32MM,ENGINE PERFORMANCE,0,,,,,
TSMP THROTTLE BODY AEROX V1 34MM,ENGINE PERFORMANCE,0,,,,,
TSMP FUEL INJECTOR 130CC YAMAHA,ENGINE PERFORMANCE,0,,,,,
TSMP FUEL INJECTOR 140CC YAMAHA,ENGINE PERFORMANCE,0,,,,,
TSMP FUEL INJECTOR 145CC YAMAHA,ENGINE PERFORMANCE,0,,,,,
TSMP FUEL INJECTOR 150CC YAMAHA,ENGINE PERFORMANCE,1,,,,,
TSMP FUEL INJECTOR 160CC YAMAHA,ENGINE PERFORMANCE,2,,,,,
TSMP FUEL INJECTOR 170CC YAMAHA,ENGINE PERFORMANCE,0,,,,,
TSMP FUEL INJECTOR 180CC YAMAHA,ENGINE PERFORMANCE,3,,,,,
TSMP FUEL INJECTOR 300CC YAMAHA,ENGINE PERFORMANCE,2,,,,,
MTRT NMAX/AEROX BLOCK 63.5MM,ENGINE PERFORMANCE,5,,,,,
MTRT NMAX/AEROX BLOCK 66 MM,ENGINE PERFORMANCE,2,,,,,
MTRT HEAD NMAX 20/23,ENGINE PERFORMANCE,1,,,,,
MTRT HEAD NMAX 24/20,ENGINE PERFORMANCE,1,,,,,
MTRT HEAD NMAX 25/21,ENGINE PERFORMANCE,1,,,,,
MTRT HEAD NMAX 19/21,ENGINE PERFORMANCE,1,,,,,
MTRT HEAD MIO 30.5/25,ENGINE PERFORMANCE,1,,,,,
MTRT HEAD MIO 29.5/25,ENGINE PERFORMANCE,1,,,,,
MTRT THROTTLE BODY M3 28MM,ENGINE PERFORMANCE,1,,,,,
MTRT THROTTLE BODY M3 32MM,ENGINE PERFORMANCE,0,,,,,
MTRT THROTTLE BODY M3 34MM,ENGINE PERFORMANCE,0,,,,,
MTRT THROTTLE BODY SNIPER 34MM,ENGINE PERFORMANCE,0,,,,,
MTRT THROTTLE BODY SNIPER 36MM,ENGINE PERFORMANCE,3,,,,,
MTRT FUEL INJECTOR 130CC YAMAHA,ENGINE PERFORMANCE,0,,,,,
MTRT FUEL INJECTOR 140CC YAMAHA,ENGINE PERFORMANCE,0,,,,,
MTRT FUEL INJECTOR 145CC YAMAHA,ENGINE PERFORMANCE,0,,,,,
MTRT FUEL INJECTOR 150CC YAMAHA,ENGINE PERFORMANCE,4,,,,,
MTRT FUEL INJECTOR 160CC YAMAHA,ENGINE PERFORMANCE,2,,,,,
MTRT FUEL INJECTOR 170CC YAMAHA,ENGINE PERFORMANCE,0,,,,,
MTRT FUEL INJECTOR 180CC YAMAHA,ENGINE PERFORMANCE,1,,,,,
MTRT FUEL INJECTOR 190CC YAMAHA,ENGINE PERFORMANCE,3,,,,,
MTRT FUEL INJECTOR 200CC YAMAHA,ENGINE PERFORMANCE,2,,,,,
MTRT FUEL INJECTOR 210CC YAMAHA,ENGINE PERFORMANCE,1,,,,,
MTRT FUEL INJECTOR 220CC YAMAHA,ENGINE PERFORMANCE,0,,,,,
MTRT FUEL INJECTOR 240CC YAMAHA,ENGINE PERFORMANCE,0,,,,,
MTRT FUEL INJECTOR 135CC HONDA,ENGINE PERFORMANCE,10,,,,,
MTRT FUEL INJECTOR 140CC HONDA,ENGINE PERFORMANCE,0,,,,,
MTRT FUEL INJECTOR 145CC HONDA,ENGINE PERFORMANCE,10,,,,,
MTRT FUEL INJECTOR 150CC HONDA,ENGINE PERFORMANCE,10,,,,,
MTRT FUEL INJECTOR 160CC HONDA,ENGINE PERFORMANCE,10,,,,,
MTRT FUEL INJECTOR 170CC HONDA,ENGINE PERFORMANCE,0,,,,,
MTRT FUEL INJECTOR 180CC HONDA,ENGINE PERFORMANCE,0,,,,,
MTRT FUEL INJECTOR 190CC HONDA,ENGINE PERFORMANCE,0,,,,,
MTRT FUEL INJECTOR 200CC HONDA,ENGINE PERFORMANCE,0,,,,,
MTRT FUEL INJECTOR 210CC HONDA,ENGINE PERFORMANCE,0,,,,,
MTRT FUEL INJECTOR 220CC HONDA,ENGINE PERFORMANCE,0,,,,,
MTRT FUEL INJECTOR 240CC HONDA,ENGINE PERFORMANCE,0,,,,,
TRF CRANKSHAFT +3,ENGINE PERFORMANCE,0,,,11800,,
TRF CRANKSHAFT +4,ENGINE PERFORMANCE,0,,,12200,,
TRF CRANKSHAFT +6,ENGINE PERFORMANCE,0,,,12500,,
TRF CRANKSHAFT +9,ENGINE PERFORMANCE,0,,,12500,,
TRF CRANKSHAFT +12,ENGINE PERFORMANCE,0,,,13500,,
YOLAC CAMSHAFT NMAX V1,ENGINE PERFORMANCE,1,,,,,
YOLAC CAMSHAFT MIO,ENGINE PERFORMANCE,2,,,,,
GRACING CAMSHAFT MIO 6.8,ENGINE PERFORMANCE,5,,,,,
GRACING CAMSHAFT NMAX S1,ENGINE PERFORMANCE,0,,,,,
GRACING CAMSHAFT NMAX S2,ENGINE PERFORMANCE,0,,,,,
CRP CAMSHAFT NMAX S1,ENGINE PERFORMANCE,0,,,,,
CRP CAMSHAFT NMAX S2,ENGINE PERFORMANCE,0,,,,,
BWIN CAMSHAFT CLICK S1,ENGINE PERFORMANCE,0,,,,,
MTRT CAMSHAFT CLICK S1,ENGINE PERFORMANCE,0,,,,,
MTRT CAMSHAFT CLICK S2,ENGINE PERFORMANCE,0,,,,,
MTRT CAMSHAFT M3 S1 M3,ENGINE PERFORMANCE,0,,,,,
MTRT CAMSHAFT M3 S2 M3,ENGINE PERFORMANCE,0,,,,,
RS8/SRF SUPER HEAD NMAX 26/23,ENGINE PERFORMANCE,0,,,13500,,
RS8/SRF NMAX BLOCK 66 MM,ENGINE PERFORMANCE,1,,,,,
RS8/SRF NMAX BLOCK 69 MM,ENGINE PERFORMANCE,1,,,,,
RS8/SRF NMAX BLOCK 72 MM,ENGINE PERFORMANCE,1,,,,,
RS8/SRF NMAX BLOCK 62 MM,ENGINE PERFORMANCE,0,,,,,
RS8/SRF NMAX BLOCK 65MM,ENGINE PERFORMANCE,0,,,,,
RS8/SRF M3 59MM CB,ENGINE PERFORMANCE,0,,,,,
RS8/SRF CLICK 56 MM CB,ENGINE PERFORMANCE,0,,,,,
RS8/SRF THROTTLE BODY  NMAX V2 32MM,ENGINE PERFORMANCE,0,,,,,
RS8/SRF THROTTLE BODY  NMAX V2 34MM,ENGINE PERFORMANCE,2,,,,,
RS8/SRF THROTTLE BODY  NMAX V2 36MM,ENGINE PERFORMANCE,0,,,,,
RS8/SRF THROTTLE BODY  NMAX V2 38MM,ENGINE PERFORMANCE,0,,,,,
RS8/SRF THROTTLE BODY  NMAX V2 40MM,ENGINE PERFORMANCE,1,,,,,
RS8/SRF THROTTLE BODY  NMAX V1 32MM,ENGINE PERFORMANCE,0,,,,,
RS8/SRF THROTTLE BODY  AEROX V1 32MM,ENGINE PERFORMANCE,0,,,,,
RS8/SRF THROTTLE BODY  AEROX V1 34MM,ENGINE PERFORMANCE,1,,,,,
RS8/SRF THROTTLE BODY  AEROX V1 36MM,ENGINE PERFORMANCE,1,,,,,
RS8/SRF THROTTLE BODY  CLICK 125 32MM,ENGINE PERFORMANCE,2,,,,,
RS8/SRF THROTTLE BODY  CLICK 125 34MM,ENGINE PERFORMANCE,2,,,,,
RS8/SRF THROTTLE BODY  PCX 160 34MM,ENGINE PERFORMANCE,1,,,,,
RS8/SRF THROTTLE BODY  NMAX V2 36MM DOWN DRAFT,ENGINE PERFORMANCE,5,,,,,
AGC CYLINDER BLOCK M3 59MM SB,ENGINE PERFORMANCE,1,,,,,
AGC CYLINDER BLOCK MIO 59MM SB,ENGINE PERFORMANCE,1,,,,,
PITSBIKE CYLINDER BLOCK CLICK 150 62MM SB,ENGINE PERFORMANCE,1,,,,,
PITSBIKE CYLINDER BLOCK RFI 62MM,ENGINE PERFORMANCE,1,,,,,
VORMAX CRANKSHAFT CRANKSHAFT M3,ENGINE PERFORMANCE,2,,,,,
VORMAX CRANKSHAFT CRANKSHAFT MIO,ENGINE PERFORMANCE,1,,,,,
VORMAX CRANKSHAFT CRANKSHAFT BEAT,ENGINE PERFORMANCE,1,,,,,
VORMAX FUEL INJECTOR 130CC YAMAHA,ENGINE PERFORMANCE,0,,,,,
VORMAX FUEL INJECTOR 140CC YAMAHA,ENGINE PERFORMANCE,4,,,,,
VORMAX FUEL INJECTOR 145CC YAMAHA,ENGINE PERFORMANCE,4,,,,,
VORMAX FUEL INJECTOR 150CC YAMAHA,ENGINE PERFORMANCE,2,,,,,
VORMAX FUEL INJECTOR 160CC YAMAHA,ENGINE PERFORMANCE,0,,,,,
VORMAX FUEL INJECTOR 170CC YAMAHA,ENGINE PERFORMANCE,0,,,,,
VORMAX FUEL INJECTOR 180CC YAMAHA,ENGINE PERFORMANCE,0,,,,,
VORMAX FUEL INJECTOR 190CC YAMAHA,ENGINE PERFORMANCE,0,,,,,
VORMAX FUEL INJECTOR 200CC YAMAHA,ENGINE PERFORMANCE,0,,,,,
VORMAX FUEL INJECTOR 210CC YAMAHA,ENGINE PERFORMANCE,0,,,,,
VORMAX FUEL INJECTOR 220CC YAMAHA,ENGINE PERFORMANCE,0,,,,,
VORMAX FUEL INJECTOR 240CC YAMAHA,ENGINE PERFORMANCE,0,,,,,
BOMX STAR 14S NMAX V2 RED,WHEELS,,,,6800,,
BOMX STAR 14S NMAX V2 BLUE,WHEELS,,,,6800,,
BOMX STAR 14S NMAX V2 SILVER,WHEELS,,,,6800,,
BOMX STAR 14S NMAX V2 VIOLET,WHEELS,,,,6800,,
BOMX STAR 14S NMAX V2 BLACK,WHEELS,,,,6800,,
BOMX STAR 14S NMAX V2 GOLD,WHEELS,,,,6800,,
BOMX STAR 14S NMAX V1 RED,WHEELS,,,,6800,,
BOMX STAR 14S NMAX V1 BLUE,WHEELS,,,,6800,,
BOMX STAR 14S NMAX V1 SILVER,WHEELS,,,,6800,,
BOMX STAR 14S NMAX V1 VIOLET,WHEELS,,,,6800,,
BOMX STAR 14S NMAX V1 BLACK,WHEELS,,,,6800,,
BOMX STAR 14S NMAX V1 GOLD,WHEELS,,,,6800,,
BOMX STAR 13S NMAX V2 RED,WHEELS,,,,7300,,
BOMX STAR 13S NMAX V2 BLUE,WHEELS,,,,7300,,
BOMX STAR 13S NMAX V2 SILVER,WHEELS,,,,7300,,
BOMX STAR 13S NMAX V2 BLACK,WHEELS,,,,7300,,
BOMX STAR 13S NMAX V2 ORANGE,WHEELS,,,,7300,,
BOMX STAR 13S NMAX V2 VIOLET,WHEELS,,,,7300,,
BOMX STAR 13S NMAX V1 SILVER,WHEELS,,,,,,
BOMX DRACO 14S NMAX V2 SILVER,WHEELS,,,,,,
BOMX DRACO 14S NMAX V2 BLUE,WHEELS,,,,,,
BOMX DRACO 14S NMAX V2 RED,WHEELS,,,,,,
BOMX DRACO 14S NMAX V2 BLACK,WHEELS,,,,,,
BOMX DRACO 14S NMAX V1 BLUE,WHEELS,,,,,,
BOMX DRACO 14S NMAX V1 BLACK,WHEELS,,,,,,
BOMX STAR AEROX BLUE,WHEELS,,,,,,
BOMX STAR AEROX RED,WHEELS,,,,,,
BOMX STAR AEROX VIOLET,WHEELS,,,,,,
BOMX STAR AEROX GREY,WHEELS,,,,,,
BOMX STAR PCX 160 VIOLET,WHEELS,,,,,,
BOMX STAR PCX 160 SILVER,WHEELS,,,,,,
BOMX STAR CLICK 160 BLACK,WHEELS,,,,,,
BOMX STAR GIORNO BLUE,WHEELS,,,,,,
BOMX STAR GIORNO VIOLET,WHEELS,,,,,,
BOMX LUNA BEAT RED,WHEELS,,,,,,
BOMX LUNA BEAT BLUE,WHEELS,,,,,,
BOMX LUNA BEAT VIOLET,WHEELS,,,,,,
BOMX STAR CLICK 125 RED,WHEELS,,,,,,
BOMX STAR CLICK 125 BLUE,WHEELS,,,,,,
BOMX STAR CLICK 125 SILVER,WHEELS,,,,,,
BOMX STAR CLICK 125 VIOLET,WHEELS,,,,,,
BOMX STAR CLICK 125 BLACK,WHEELS,,,,,,
BOMX STAR CLICK 125 GOLD,WHEELS,,,,,,
BOMX DRACO CLICK 125 RED,WHEELS,,,,,,
BOMX DRACO CLICK 125 BLUE,WHEELS,,,,,,
BOMX DRACO CLICK 125 SILVER,WHEELS,,,,,,
BOMX DRACO CLICK 125 VIOLET,WHEELS,,,,,,
BOMX LUNA CLICK 125 RED,WHEELS,,,,,,
BOMX LUNA CLICK 125 BLUE,WHEELS,,,,,,
BOMX LUNA CLICK 125 SILVER,WHEELS,,,,,,
BOMX LUNA CLICK 125 BLACK LUMINAR,WHEELS,,,,,,
BOMX 1YC CLICK 125 RED,WHEELS,,,,,,
BOMX 1YC CLICK 125 BLUE,WHEELS,,,,,,
BOMX 1YC CLICK 125 SILVER,WHEELS,,,,,,
BOMX STAR M3 RED,WHEELS,,,,,,
BOMX STAR M3 BLUE,WHEELS,,,,,,
BOMX STAR M3 SILVER,WHEELS,,,,,,
BOMX STAR M3 VIOLET,WHEELS,,,,,,
BOMX STAR M3 GREY,WHEELS,,,,,,
BOMX STAR SPORTY RED,WHEELS,,,,,,
BOMX STAR SPORTY BLUE,WHEELS,,,,,,
BOMX STAR SPORTY SILVER,WHEELS,,,,,,
BOMX STAR SPORTY VIOLET,WHEELS,,,,,,
BOMX STAR SPORTY BLACK,WHEELS,,,,,,
BOMX STAR SPORTY GOLD,WHEELS,,,,,,
BOMX LUNA SPORTY VIOLET,WHEELS,,,,,,
BOMX LUNA SPORTY BLACK,WHEELS,,,,,,
BOMX LUNA SPORTY SILVER,WHEELS,,,,,,
BOMX LUNA SPORTY BLUE,WHEELS,,,,,,
BOMX LUNA SPORTY RED,WHEELS,,,,,,
BOMX VELA SPORTY BLUE,WHEELS,,,,,,
BOMX LUNA M3 RED,WHEELS,,,,,,
BOMX LUNA M3 GREY,WHEELS,,,,,,
BOMX LUNA M3 BLUE,WHEELS,,,,,,
BOMX LUNA M3 VIOLET,WHEELS,,,,,,
BOMX LUNA M3 BLACK,WHEELS,,,,,,
BOMX 1YC SPORTY RED,WHEELS,,,,,,
BOMX 1YC SPORTY SILVER,WHEELS,,,,,,
BOMX 1YC SPORTY BLUE,WHEELS,,,,,,
BOMX 1YC MIO 125/M3 RED,WHEELS,,,,,,
BOMX 1YC MIO 125/M3 SILVER,WHEELS,,,,,,
BOMX SABER CLICK SILVER,WHEELS,,,,,,
BOMX SABER CLICK BLUE,WHEELS,,,,,,
BOMX SABER CLICK VIOLET,WHEELS,,,,,,
BOMX SABER CLICK RED,WHEELS,,,,,,
BOMX PROF RIMS PROF RIM BLACK,WHEELS,,,,,,
BOMX PROF RIMS PROF RIM SILVER,WHEELS,,,,,,
BOMX PROF RIMS PROF RIM GOLD,WHEELS,,,,,,
BOMX PROF RIMS PROF RIM RED,WHEELS,,,,,,
BOMX PROF RIMS PROF RIM VIOLET,WHEELS,,,,,,
BOMX PROF RIMS PROF RIM LIME GREEN,WHEELS,,,,,,
BOMX PROF RIMS PROF RIM SKY BLUE,WHEELS,,,,,,
BOMX PROF RIMS PROF RIM BLUE,WHEELS,,,,,,
RCB SP 800 NMAX BRONZE,WHEELS,,,,,,
RCB SP 800 NMAX BLACK,WHEELS,,,,,,
RCB SP 800 NMAX WHITE,WHEELS,,,,,,
RCB SP 500 NMAX BRONZE,WHEELS,,,,,,
RCB SP 500 NMAX BLACK,WHEELS,,,,,,
RCB SP 500 NMAX WHITE,WHEELS,,,,,,
RCB SP 500 AEROX WHITE,WHEELS,,,,,,
RCB SP 500 AEROX BLACK,WHEELS,,,,,,
RCB SP 500 AEROX BRONZE,WHEELS,,,,,,
RCB SP 500 SNIPER BRONZE,WHEELS,,,,,,
RCB SP 500 SNIPER WHITE,WHEELS,,,,,,
TRC RFI BLACK,WHEELS,,,,,,
TRC RFI VIOLET,WHEELS,,,,,,
TRC XMAX GOLD,WHEELS,,,,,,
RCB SP800 CLICK 160 GOLDEN BRONZE,WHEELS,,,,,,
RCB SP800 CLICK 160 WHITE,WHEELS,,,,,,
RCB SP800 CLICK 125/150 GLOSS BLACK,WHEELS,,,,,,
RCB SP800 CLICK 125/150 GOLDEN BRONZE,WHEELS,,,,,,
RCB SP811 MIO 125 GOLD,WHEELS,,,,,,
RCB SP811 NMAX GOLD,WHEELS,,,,,,
RCB SP811 NMAX BLACK,WHEELS,,,,,,
RCB CT600 CLICK 125/150 BLACK,WHEELS,,,,,,
RCB SP522 CLICK 125/150 GOLD,WHEELS,,,,,,
G REN GREN MIO 125 RED,WHEELS,,,,,,
G REN GREN MIO 125 MATTE BLACK,WHEELS,,,,,,
G REN GREN ADNROID NMAX V2 RED,WHEELS,,,,,,
BOMX ORION AEROX 17S RED,WHEELS,,,,,,
BOMX ORION AEROX 17S BLUE,WHEELS,,,,,,
BOMX LUMINAR SERIES SNIPER 150 GOLD,WHEELS,,,,,,
HYLOS Y15ZR 17S BLACK,WHEELS,,,,,,
JVT PIPE CLICK V3 ,EXHAUST PIPES,7,,,,,
JVT PIPE NMAX V1/V2/V3 TITANIUM,EXHAUST PIPES,7,,,,,
JVT PIPE V2 - 4.38,EXHAUST PIPES,5,,,,,
JVT PIPE NMAX V3 - 2020,EXHAUST PIPES,2,,,,,
JVT PIPE NMAX V4 - 2020 TITANIUM 38.S,EXHAUST PIPES,1,,,,,
JVT PIPE AEROX V4 35-38-T,EXHAUST PIPES,4,,,,,
JVT PIPE AEROX V3 - TITANIUM,EXHAUST PIPES,2,,,,,
JVT PIPE BEAT V3,EXHAUST PIPES,2,,,,,
JVT PIPE MIO M3,EXHAUST PIPES,1,,,,,
JVT PIPE MIO SPORTY V4-T,EXHAUST PIPES,2,,,,,
JVT PIPE MIO SPORTY V3,EXHAUST PIPES,2,,,,,
JVT PIPE SNIPER 150,EXHAUST PIPES,1,,,,,
SUN PIPE CLICK 125,EXHAUST PIPES,5,,,,,
SUN PIPE AEROX/NMAX V2,EXHAUST PIPES,3,,,,,
BOMX PIPE WAVE 125,EXHAUST PIPES,1,,,,,
BOMX PIPE WAVE 100,EXHAUST PIPES,3,,,,,
BOMX PIPE AEROX/NMAX,EXHAUST PIPES,3,,,,,
UMA PIPE SNIPER 150,EXHAUST PIPES,3,,,,,
GRACING PIPE NMAX 232CC,EXHAUST PIPES,4,,,,,
TSMP PIPE S4 NMAX/AEROX,EXHAUST PIPES,7,,,,,
AENOCHI PIPE MIO 125 M3,EXHAUST PIPES,1,,,,,
KENOCHI PIPE MIO SPORTY V2,EXHAUST PIPES,2,,,,,
KENOCHI PIPE CLICK V2,EXHAUST PIPES,2,,,,,
KOU MANACHAI PIPE NMAX 2021,EXHAUST PIPES,1,,,,,
MVRI PIPE SNIPER,EXHAUST PIPES,4,,,,,
PANTRA PIPE BARAKO,EXHAUST PIPES,2,,,,,
PANTRA PIPE TMX155,EXHAUST PIPES,5,,,,,
PANTRA PIPE XRM 110,EXHAUST PIPES,3,,,,,
PANTRA PIPE WAVE 100,EXHAUST PIPES,1,,,,,
PANTRA PIPE WAVE 125,EXHAUST PIPES,3,,,,,
PANTRA PIPE SMASH,EXHAUST PIPES,3,,,,,
ELBU PIPE R150 CARB,EXHAUST PIPES,2,,,,,
ELBU PIPE R150 FI,EXHAUST PIPES,2,,,,,
JVT FLYBALL 8G NMAX,CVT,5,,,,,
JVT FLYBALL 9G NMAX,CVT,3,,,,,
JVT FLYBALL 10G NMAX,CVT,5,,,,,
JVT FLYBALL 11G NMAX,CVT,,,,,,
JVT FLYBALL 12G NMAX,CVT,3,,,,,
JVT FLYBALL 13G NMAX,CVT,,,,,,
JVT FLYBALL 14G NMAX,CVT,3,,,,,
JVT FLYBALL 9G PCX,CVT,13,,,,,
JVT FLYBALL 10G PCX,CVT,8,,,,,
JVT FLYBALL 11G PCX,CVT,1,,,,,
JVT FLYBALL 12G PCX,CVT,2,,,,,
JVT FLYBALL 13G PCX,CVT,3,,,,,
JVT FLYBALL 14G PCX,CVT,1,,,,,
JVT FLYBALL 15G PCX,CVT,2,,,,,
JVT FLYBALL 11G GY6,CVT,13,,,,,
JVT FLYBALL 12G GY6,CVT,18,,,,,
JVT FLYBALL 14G GY6,CVT,10,,,,,
JVT FLYBALL 7G SPORTY,CVT,7,,,,,
JVT FLYBALL 10G SPORTY,CVT,3,,,,,
SUN FLYBALL 16G SKYDRIVE,CVT,4,,,,,
RS8 FLYBALL 12G BEAT FI,CVT,5,,,,,
TSMP FLYBALL 13G XMAX,CVT,2,,,,,
NCY CENTER SPRING 1500 RPM NMAX,CVT,18,,,,,
NCY CENTER SPRING 1200 RPM CLICK,CVT,1,,,,,
BWIN CENTER SPRING 1000 RPM MIO,CVT,5,,,,,
BWIN CENTER SPRING 1200 RPM CLICK,CVT,3,,,,,
RS8 CENTER SPRING 1000 RPM NMAX/AEROX,CVT,20,,,,,
RS8 CENTER SPRING 1200 RPM NMAX/AEROX,CVT,10,,,,,
RS8 CENTER SPRING 1500 RPM NMAX/AEROX,CVT,13,,,,,
RS8 CENTER SPRING 1800 RPM NMAX/AEROX,CVT,7,,,,,
TSMP CENTER SPRING 1200 RPM NMAX/AEROX,CVT,20,,,,,
TSMP CENTER SPRING 1500 RPM NMAX/AEROX,CVT,20,,,,,
TSMP CENTER SPRING 1000 RPM CLICK,CVT,14,,,,,
TSMP CENTER SPRING 1500 RPM CLICK,CVT,18,,,,,
TSMP CENTER SPRING 1200 RPM CLICK,CVT,9,,,,,
TSMP CENTER SPRING 1000 RPM XMAX,CVT,1,,,,,
HIRC CENTER SPRING 1000 RPM NMAX,CVT,4,,,,,
HIRC CENTER SPRING 1200 RPM NMAX,CVT,0,,,,,
HIRC CENTER SPRING 1500 RPM NMAX,CVT,8,,,,,
HIRC CENTER SPRING 1000 RPM CLICK,CVT,4,,,,,
HIRC CENTER SPRING 1200 RPM CLICK,CVT,6,,,,,
HIRC CENTER SPRING 1500 RPM CLICK,CVT,0,,,,,
JVT CENTER SPRING 1000 RPM NMAX,CVT,9,,,,,
JVT CENTER SPRING 1200 RPM NMAX,CVT,8,,,,,
JVT CENTER SPRING 1500 RPM NMAX,CVT,9,,,,,
JVT CENTER SPRING 1000 RPM M3,CVT,10,,,,,
JVT CENTER SPRING 1200 RPM M3,CVT,14,,,,,
JVT CENTER SPRING 1500 RPM M3,CVT,14,,,,,
JVT CENTER SPRING 1000 RPM MIO SPORT,CVT,3,,,,,
JVT CENTER SPRING 1200 RPM MIO SPORT,CVT,5,,,,,
JVT CENTER SPRING 1000 RPM CLICK/PCX,CVT,9,,,,,
JVT CENTER SPRING 1200 RPM CLICK/PCX,CVT,2,,,,,
JVT CENTER SPRING 1500 RPM CLICK/PCX,CVT,12,,,,,
RS8 BACK PLATE BEAT FI,CVT,2,,,,,
RS8 BACK PLATE CLICK/ADV,CVT,3,,,,,
RS8 BACK PLATE NMAX/AEROX,CVT,2,,,,,
RS8 PULLEY BUSSING BEAT FI,CVT,2,,,,,
RS8 PULLEY BUSSING CLICK,CVT,5,,,,,
RS8 PULLEY BUSSING M3,CVT,3,,,,,
SUN PULLEY BUSHING NMAX,CVT,8,,,,,
TTGR PULLEY BUSHING MIO ,CVT,5,,,,,
MTRT ACCELERATOR TORQUE MIO,CVT,4,,,,,
JNM PULLEY WASHER CLICK,CVT,12,,,,,
JNM PULLEY WASHER M3,CVT,7,,,,,
SUN CLUTCH DUMPER NMAX,CVT,7,,,,,
JNM SLIDE PIECE M3,CVT,11,,,,,
SUN SLIDE PIECE BEAT FI,CVT,6,,,,,
TW SLIDE PIECE CLICK,CVT,5,,,,,
YAMAHA GENUINE CAM CHAIN,CVT,4,,,,,
JVT SLIDE PIECE NMAX,CVT,32,,,,,
JVT SLIDE PIECE CLICK,CVT,15,,,,,
RS8 SLIDE PIECE NMAX,CVT,8,,,,,
TTGR SLIDE PIECE RUSI FI,CVT,8,,,,,
CLUTCH NUT AXX,CVT,12,,,,,
TSMP CLUTCH SHOE,CVT,6,,,,,
MTRT VALVE SPRING MIO,CVT,7,,,,,
CRP VALVE SPRING NMAX,CVT,5,,,,,
ZENO VALVE SPRING RAIDER FI,CVT,6,,,,,
CRP VALVE SPRING CLICK,CVT,5,,,,,
MTRT VALVE SPRING RAIDER,CVT,2,,,,,
TRF VALVE SPRING NMAX ,CVT,3,,,,,
RS8 VALVE SPRING M3,CVT,2,,,,,
RS8 VALVE SPRING NMAX,CVT,7,,,,,
TSMP CLUTCH SPRING 1000 RPM,CVT,40,,,,,
TSMP CLUTCH SPRING 1200 RPM,CVT,20,,,,,
TSMP CLUTCH SPRING 1500 RPM,CVT,34,,,,,
TSMP CLUTCH SPRING 2200 RPM,CVT,5,,,,,
ABSOLUTE CLUTCH SPRING 1000 RPM,CVT,9,,,,,
HIRC CLUTCH SPRING 1500 RPM,CVT,17,,,,,
HIRC CLUTCH SPRING 1200 RPM,CVT,3,,,,,
TSMP FLYBALL 9G AEROX,CVT,25,,,,,
TSMP FLYBALL 10G AEROX,CVT,17,,,,,
TSMP FLYBALL 8G AEROX,CVT,7,,,,,
TSMP FLYBALL 11G AEROX,CVT,20,,,,,
TSMP FLYBALL 12G AEROX,CVT,22,,,,,
TSMP FLYBALL 11G CLICK,CVT,17,,,,,
TSMP FLYBALL 12G CLICK,CVT,21,,,,,
TSMP FLYBALL 13G CLICK,CVT,20,,,,,
TSMP FLYBALL 14G CLICK,CVT,0,,,,,
TSMP FLYBALL 15G CLICK,CVT,15,,,,,
MTRT CLUTCH SPRING 1500 RPM,CVT,7,,,,,
RS8 FLYBALL 8G NMAX/AEROX,CVT,18,,,,,
RS8 FLYBALL 9G NMAX/AEROX,CVT,3,,,,,
RS8 FLYBALL 10G NMAX/AEROX,CVT,0,,,,,
RS8 FLYBALL 11G NMAX/AEROX,CVT,10,,,,,
RS8 FLYBALL 12G NMAX/AEROX,CVT,0,,,,,
RS8 FLYBALL 11G CLICK,CVT,11,,,,,
RS8 FLYBALL 12G CLICK,CVT,25,,,,,
WF FLYBALL 9G AEROX,CVT,9,,,,,
WF FLYBALL 10G AEROX,CVT,10,,,,,
WF FLYBALL 11G AEROX,CVT,10,,,,,
WF FLYBALL 11G CLICK,CVT,5,,,,,
WF FLYBALL 12G CLICK,CVT,18,,,,,
ZENO FLYBALL 9G M3,CVT,9,,,,,
ZENO FLYBALL 10G M3,CVT,4,,,,,
NCY FLYBALL 8G,CVT,0,,,,,
HIRC FLYBALL 9G NMAX,CVT,18,,,,,
HIRC FLYBALL 10G NMAX,CVT,23,,,,,
HIRC FLYBALL 11G NMAX,CVT,17,,,,,
HIRC FLYBALL 12G NMAX,CVT,18,,,,,
RS8 FLYBALL 9G SPORTY,CVT,21,,,,,
RS8 FLYBALL 7G SPORTY,CVT,3,,,,,
PRESTONE BRAKE FLUID 900ML,OIL,16,,,350,,
NATIONAL MULTI PURPOSE GREASE,OIL,9,,,150,,
PLATINUM BRAKE FLUID 900ML,OIL,8,,,350,,
DELO SPORTS 6L,OIL,1,,,2990,,
HAVOLINE SAE 20W-40,COSMETIC,1,,,2000,,
ZENO CUT CLEANER,OIL,12,,,150,,
UNI OIL DELUX 500,OIL,2,,,270,,
ENEOS DIESEL OIL,OIL,7,,,350,,
IDEMETSU DIESEL AND GASOLINE,OIL,10,,,290,,
SHELL RIMULA,OIL,1,,,350,,
PLATINUM PRO 500,OIL,4,,,250,,
NATIONAL HYDRAULIC OIL,OIL,3,,,220,,
PETRON REVX,OIL,6,,,200,,
ENEOS PREMIUM MINERAL OIL,OIL,3,,,310,,
KOBY HIGH TEMP SPRAY MATTE BLACK,COSMETIC,16,,,280,,
KOBY SPRAY PAINT BLACK,COSMETIC,9,,,150,,
MR DO IT SPRAY PAINT PRIMER LIGHT GREY,COSMETIC,5,,,250,,
SILVESTRE HIGH TEMP PRIMER GREY,COSMETIC,7,,,320,,
KOBY SPRAY PAINT WHITE,COSMETIC,2,,,150,,
KOBY SPRAY PAINT RED,COSMETIC,4,,,150,,
KOBY DERUST,COSMETIC,22,,,220,,
KOBY CHAIN LUBE,COSMETIC,1,,,220,,
KOBY PAINT REMOVER,COSMETIC,9,,,150,,
SILVESTRE CHAIN LUBE,COSMETIC,3,,,220,,
DO IT CHAIN LUBE,COSMETIC,6,,,250,,
BWIN DEGREASER,COSMETIC,13,,,150,,
KOBY TIRE BLACK 118 ML,COSMETIC,20,,,120,,
RS8 DEGREASER,COSMETIC,12,,,150,,
PLEDGE,COSMETIC,5,,,400,,
VS1 BIG,COSMETIC,7,,,250,,
VS1 SMALL,COSMETIC,7,,,220,,
SILVESTRE WAX,COSMETIC,0,,,220,,
KOBY MULTI PURPOSE CLEANER,COSMETIC,3,,,180,,
ARMOR ALL LEATHER WIPES,COSMETIC,1,,,450,,
SAIYAN TIRE INFLATOR,COSMETIC,17,,,200,,
KOBY LACQUER,COSMETIC,4,,,150,,
KOBY HELMET DISINFECTING FOAM,COSMETIC,3,,,180,,
SAIYAN TIRE SEALANT,OIL,9,,,150,,
MOTOLITE 4LB,BATTERY,3,,,750,,
MOTOLITE 5LB,BATTERY,4,,,856,,
OD YTZ7V,BATTERY,10,,,,,
OD YTZ7S,BATTERY,8,,,780,,
OD 12N9-BS,BATTERY,4,,,980,,
OD 12N7BL-BS,BATTERY,4,,,980,,
MOTOLITE MT27V,BATTERY,1,,,1150,,
OD 12N5L-BS,BATTERY,3,,,980,,
OD YTX5L,BATTERY,9,,,780,,
OD YTX4L-BS,BATTERY,10,,,,,
OD YB3L-BS,BATTERY,10,,,,,
OD YB25-BS,BATTERY,16,,,500,,
VOLGA FORK OIL,OIL,4,,,100,,
RS8 GEAR OIL,OIL,7,,,80,,
ZENO GEAR OIL,OIL,6,,,80,,
 YAMALUBE GEAR OIL,OIL,1,,,90,,
TOP GEAR GEAR OIL,OIL,18,,,80,,
NSK BEARING 6003,BEARING,10,,,150,,
KOYO BEARING 6202,BEARING,10,,,250,,
GRS BEARING 6205,BEARING,6,,,180,,
JTEKT BEARING 6201,BEARING,11,,,250,,
KOYO BEARING 6201,BEARING,8,,,200,,
SAIYAN BEARING 6201,BEARING,55,,,150,,
KRX BEARING 6000,BEARING,46,,,80,,
KRX BEARING 6002,BEARING,48,,,90,,
KRX BEARING 6001,BEARING,30,,,90,,
NSK BEARING 6301,BEARING,9,,,150,,
KOYO BEARING 6303,BEARING,9,,,200,,
KRX BEARING 6004,BEARING,7,,,120,,
NSK BEARING 6001,BEARING,10,,,120,,
BEASTIRE 140-70 14,TIRES,9,,,2700,2650,
BEASTIRE 130-70 14,TIRES,0,,,,,
BEASTIRE 120-70 14,TIRES,2,,,2100,2050,
BEASTIRE 110-70 14,TIRES,3,,,1800,1750,
BEASTIRE 110-80 14,TIRES,15,,,1900,1850,
BEASTIRE 110-80 13,TIRES,0,,,,,
BEASTIRE 130-70 13,TIRES,9,,,2100,2050,
BEASTIRE 100-80 14,TIRES,27,,,1650,1600,
BEASTIRE 90-90 14,TIRES,3,,,1700,1650,
BEASTIRE 90-80 14,TIRES,10,,,1300,1250,
BEASTIRE 80-90 14,TIRES,6,,,1500,1450,
BEASTIRE 80-80 14,TIRES,9,,,1100,1050,
BEASTIRE 70-80 14,TIRES,5,,,1000,950,
BEASTIRE 60-80 14,TIRES,0,,,950,900,
BEASTIRE 140-70 17,TIRES,0,,,3100,3050,
BEASTIRE 130-70 17,TIRES,0,,,2900,2850,
BEASTIRE 120-70 17,TIRES,10,,,2700,2650,
BEASTIRE 110-70 17,TIRES,6,,,2350,2300,
BEASTIRE 100-70 17,TIRES,6,,,2150,2100,
BEASTIRE 90-90 17,TIRES,0,,,1900,1850,
BEASTIRE 90-80 17,TIRES,7,,,1600,1550,
BEASTIRE 80-90 17,TIRES,2,,,1450,1400,
BEASTIRE 80-80 17,TIRES,9,,,1200,1150,
BEASTIRE 70-90 17,TIRES,2,,,1250,1200,
BEASTIRE 60-80 17,TIRES,0,,,1000,950,
BEASTIRE 110-70 13,TIRES,11,,,1650,1600,
EUROGRIP 70-90 14,TIRES,1,,,1550,1500,
EUROGRIP 140-70 14,TIRES,13,,,3350,3300,
EUROGRIP 130-70 14,TIRES,7,,,,,
EUROGRIP 120-70 14,TIRES,,,,,,
EUROGRIP 110-70 14,TIRES,1,,,,,
EUROGRIP 110-80 14,TIRES,9,,,2650,2600,
EUROGRIP 100-80 14,TIRES,17,,,2350,2300,
EUROGRIP 100-70 14,TIRES,,,,,,
EUROGRIP 130-70 13,TIRES,7,,,2950,2900,
EUROGRIP 110-70 13,TIRES,15,,,2550,2500,
EUROGRIP 90-90 14,TIRES,4,,,2150,2100,
EUROGRIP 90-80 14,TIRES,9,,,1850,1800,
EUROGRIP 80-80 14,TIRES,8,,,1650,1600,
EUROGRIP 80-90 14,TIRES,,,,,,
EUROGRIP 120-70 13,TIRES,5,,,2650,2600,
EUROGRIP 140-70 17,TIRES,6,,,5200,5100,
EUROGRIP 130-70 17,TIRES,7,,,4200,4100,
EUROGRIP 120-70 17,TIRES,,,,,,
EUROGRIP 110-70 17,TIRES,5,,,2900,2800,
EUROGRIP 100-70 17,TIRES,,,,,,
EUROGRIP 90-90 17,TIRES,,,,,,
EUROGRIP 80-90 17,TIRES,,,,,,
EUROGRIP 70-90 17,TIRES,,,,,,
EUROGRIP 60-80 17,TIRES,,,,,,
EUROGRIP 120-70 15,TIRES,8,,,3200,3100,
EUROGRIP 150-70 14,TIRES,,,,3900,3800,
EUROGRIP 160-70 17,TIRES,,,,,,
EUROGRIP 100-80 17,TIRES,,,,,,
GRIPPER 140-70 14,TIRES,3,,,1950,1900,
GRIPPER 130-70 13,TIRES,,,,,,
GRIPPER 120-70 14,TIRES,,,,,,
GRIPPER 120-80 13,TIRES,,,,,,
GRIPPER 110-70 13,TIRES,12,,,1300,1250,
GRIPPER 100-80 14,TIRES,,,,1250,1200,
GRIPPER 90-90 14,TIRES,,,,1050,1000,
GRIPPER 90-80 14,TIRES,,,,1050,1000,
GRIPPER 80-80 14,TIRES,,,,950,900,
GRIPPER 60-80 14,TIRES,,,,,,
GRIPPER 110-80 14,TIRES,,,,1450,1400,
GRIPPER 100-90 12,TIRES,,,,1900,1850,
GRIPPER 110-90 10,TIRES,,,,1700,1650,
CORSA 130-70 13,TIRES,11,,,2950,2900,
CORSA 110-70 13,TIRES,3,,,2750,2700,
QUICK TIRE 100-80 14,TIRES,3,,,1550,1500,
QUICK TIRE 90-80 14,TIRES,,,,,,
QUICK TIRE 80-80 14,TIRES,3,,,1200,1150,
PIRELLI 100-80 14,TIRES,1,,,2950,2900,
PIRELLI 90-90 14,TIRES,2,,,2100,2050,
PIRELLI 70-90 14,TIRES,2,,,1900,1850,
PIRELLI 80-90 17,TIRES,2,,,2850,2800,
PIRELLI 90-80 17,TIRES,2,,,2950,2900,
ZENEOS ZN62 140-70 14,TIRES,1,,,3300,3200,
ZENEOS ZN62 120-70 14,TIRES,7,,,2400,2350,
ZENEOS ZN62 110-80 14,TIRES,13,,,2450,2400,
ZENEOS ZN62 100-80 14,TIRES,,,,,,
ZENEOS ZN62 90-80 14,TIRES,24,,,1700,1650,
ZENEOS ZN62 70-90 14,TIRES,,,,,,
ZENEOS ZN62 130-70 17,TIRES,,,,,,
ZENEOS ZN62 120-70 17,TIRES,1,,,3050,3000,
ZENEOS ZN62 110-70 17,TIRES,,,,,,
ZENEOS ZN62 90-80 17,TIRES,,,,,,
ZENEOS ZN62 80-90 17,TIRES,3,,,1900,1850,
ZENEOS ZN62 70-90 17,TIRES,3,,,1600,1550,
ZENEOS ZN62 80-80 14,TIRES,10,,,1400,1350,
MAXXIS 130-70 17,TIRES,1,,,4150,4100,
MAXXIS 90-80 17,TIRES,,,,,,
MAXXIS 80-80 17,TIRES,18,,,1350,1300,
MAXXIS 70-80 17,TIRES,5,,,1300,1250,
MAXXIS 60-80 17,TIRES,,,,1100,1050,
MAXXIS 100-80 17,TIRES,,,,2100,2000,
PAG BEARING 6003,BEARING,3,,,280,,
SAIYAN BEARING 6304,BEARING,11,,,150,,
SAIYAN BEARING 6030,BEARING,5,,,150,,
JTECKT BEARING 6204,BEARING,18,,,200,,
KOYO BEARING 6202,BEARING,4,,,200,,
SEPTWOLVES BEARING 6005,BEARING,25,,,150,,
SUMTAL BEARING RFI BALL RACE,BEARING,8,,,450,,
SAIYAN BEARING 6204,BEARING,2,,,150,,
KOYO BEARING 6304,BEARING,5,,,250,,
NTN BEARING 6904,BEARING,5,,,300,,
NTN BEARING 6909,BEARING,5,,,350,,
NTN BEARING 6205,BEARING,1,,,350,,
KOYO BEARING 6204,BEARING,10,,,250,,
SAIYAN BEARING 6204,BEARING,8,,,150,,
KOYO BEARING 6300,BEARING,14,,,200,,
NSK BEARING HONDA TMX ,BEARING,2,,,200,,
NSK BEARING 6302,BEARING,12,,,150,,
KOZA BALL RACE MIO/NMAX,BEARING,3,,,450,,
PAG BALL RACE RFI,BEARING,7,,,450,,
PAG BALL RACE AEROX,BEARING,1,,,450,,
PAG BALL RACE CLICK/WAVE 125,BEARING,3,,,450,,
PETRON SPRINT,OIL,17,,,220,,
HONDA SCOOTER,OIL,3,,,390,,
HONDA GOLD,OIL,6,,,310,,
HONDA RX,OIL,1,,,350,,
PETRON REVX,OIL,9,,,200,,
NATIONAL 2T,OIL,4,,,220,,
SAIYAN TIRE SEALANT,OIL,10,,,150,,
MOTUL GEAR OIL,OIL,23,,,200,,
555 MULTI PURPOSE OIL,OIL,17,,,80,,
SSCI COOLANT 2L,OIL,5,,,420,,
ECO COOL COLLANT 500ML,OIL,1,,,150,,
NATIONAL BRAKE FLUID DOT 4,OIL,18,,,310,,
UNI OIL BRAKE FUILD 1L,OIL,1,,,300,,
UNI OIL BRAKE FLUID 270ML,OIL,5,,,150,,
UNI OIL BRAKE FLUID 150ML,OIL,5,,,90,,
PATINUM POWER STEERING FLUID,OIL,10,,,250,,
GRACING OIL,OIL,8,,,350,,
CASTROL ACTIV 800ML,OIL,23,,,280,,
CASTROL ACTIV 1L,OIL,7,,,280,,
CASTROL GO 1L,OIL,7,,,280,,
MOBIL SUPER MOTO,OIL,2,,,500,,
ENEOS 20W-50,OIL,6,,,325,,
ENEOS SAE 40,OIL,31,,,350,,
PLATINUM XRACE,OIL,6,,,350,,
SHELL AX7 BUNDLE,OIL,7,,,350,,
MOTUL POWER LE,OIL,31,,,570,,
MOTUL 3000 PLUS,OIL,5,,,390,,
MOTUL SCOOTER,OIL,10,,,350,,
YABALUBE AT,OIL,21,,,350,,
YABALUBE,OIL,19,,,350,,
SHELL AX7 1L,OIL,11,,,350,,
SHELL AX7 800ML,OIL,1,,,320,,
ZIC MANUAL,OIL,3,,,380,,
ZIC SCOOTER,OIL,13,,,380,,
CASTROL SCOOTER 800ML,OIL,3,,,300,,
CASTROL ACTIVE,OIL,9,,,270,,
CASTROL POWER,OIL,7,,,350,,
SHELL RIMULA,OIL,6,,,330,,
TOYOTA OIL F/S,OIL,8,,,320,,
UNI OIL DELUX,OIL,12,,,220,,
NATIONAL RACING 4T M/T,OIL,5,,,270,,
NATIONAL SCOOTER,OIL,5,,,270,,
NATIONAL MULTI GRADE,OIL,8,,,200,,
ZIC GEAR OIL,OIL,72,,,90,,
MTRT CLUTCH ASSEMBLY MIO,CVT,3,,,,,
MTRT BELL NMAX,CVT,2,,,,,
MTRT BELL M3,CVT,2,,,,,
MTRT GY6 BELL ,CVT,2,,,,,
MTRT GY6 CLUTCH ASSEMBLY,CVT,2,,,,,
RS8 IGNITION COIL,CVT,5,,,,,
FAITO IGNITION COIL BEAT FI,CVT,3,,,,,
FAITO IGNITION COIL YAMAHA FI,CVT,4,,,,,
FAITO IGNITION COIL FT02,CVT,1,,,,,
FAITO NECK BEARING R150,CVT,4,,,,,
FAITO NECK BEARING SNIPER,CVT,4,,,,,
FAITO CLUTCH AND GASKET SNIPER,CVT,2,,,,,
BWIN PULLEY NMAX,CVT,0,,,,,
BWIN PULLEY PCX 160,CVT,2,,,,,
MUTARO PULLEY SET BURGMAN,CVT,2,,,,,
HIRC BELL M3,CVT,3,,,,,
HIRC BELL AEROX/NMAX,CVT,8,,,,,
HIRC BELL MIO,CVT,4,,,,,
HIRC BELL CLICK,CVT,8,,,,,
HIRC CLUTCH ASSEMBLY AEROX/NMAX,CVT,13,,,,,
HIRC CLUTCH ASSEMBLY MIO,CVT,2,,,,,
HIRC CLUTCH SHOE NMAX/AEROX,CVT,10,,,,,
HIRC CLUTCH SHOE M3,CVT,0,,,,,
HIRC PULLEY AEROX/NMAX,CVT,3,,,,,
HIRC PULLEY CLICK,CVT,5,,,,,
HIRC PULLEY PCX 160,CVT,4,,,,,
HIRC PULLEY MIO,CVT,4,,,,,
TSMP PULLEY AEROX/NMAX,CVT,3,,,,,
TSMP PULLEY M3,CVT,3,,,,,
TSMP PULLEY MIO,CVT,3,,,,,
TSMP PULLEY PCX/ADV 150,CVT,12,,,,,
TSMP PULLEY CLICK 125/150,CVT,3,,,,,
TSMP PULLEY XMAX,CVT,3,,,,,
RS8 PULLEY NMAX/AEROX ,CVT,7,,,,,
RS8 PULLEY MIO 125i,CVT,7,,,,,
RS8 PULLEY MIO SPORTY,CVT,0,,,,,
RS8 PULLEY ADV/PCX/CLICK,CVT,5,,,,,
RS8 BELL NMAX/AEROX,CVT,3,,,,,
RS8 BELL M3,CVT,7,,,,,
RS8 BELL SPORTY,CVT,0,,,,,
RS8 BELL PCX/ADV/CLICK,CVT,1,,,,,
RS8 CLUTCH ASSEMBLY BEAT FI,CVT,5,,,,,
RS8 CLUTCH ASSEMBLY M3/NMAX/ADV/AEROX,CVT,18,,,,,
RS8 CLUTCH SHOE ADV/M3/NMAX/AEROX,CVT,4,,,,,
RS8 CLUTCH SHOE BEAT FI,CVT,2,,,,,
RS8 CAMSHAFT BEARING CLICK 125/150,CVT,4,,,,,
RS8 CRANKSHAFT BEARING NMAX,CVT,3,,,,,
JVT PULLEY M3,CVT,7,,,,,
JVT PULLEY MIO,CVT,5,,,,,
JVT PULLEY AEROX/NMAX,CVT,3,,,,,
JVT PULLEY CLICK 125/150,CVT,3,,,,,
JVT PULLEY PCX 160,CVT,5,,,,,
JVT PULLEY BEAT FI,CVT,1,,,,,
JVT CLUTCH ASSEMBLY NMAX/AEROX,CVT,4,,,,,
JVT CLUTCH ASSEMBLY M3,CVT,2,,,,,
JVT CLUTCH ASSEMBLY SPORTY,CVT,2,,,,,
JVT CLUTCH ASSEMBLY ADV/CLICK/PCX,CVT,5,,,,,
JVT CLUTCH BELL BEAT FI,CVT,1,,,,,
JVT CLUTCH BELL SPORTY,CVT,5,,,,,
JVT CLUTCH BELL M3,CVT,7,,,,,
MTRT PULLEY M3,CVT,2,,,,,
MTRT PULLEY AEROX/NMAX,CVT,1,,,,,
ABSOLUTE PERFORMANCE TORQUE DRIVE M3,CVT,1,,,,,
TSMP CLUTCH AND BELL XMAX,CVT,2,,,,,
TSMP CLUTCH AND BELL CLICK 125,CVT,3,,,,,
TSMP TORQUE DRIVE ADV/PCX/CLICK 150,CVT,2,,,,,
TSMP FEMALE TORQUE DRIVE,CVT,1,,,,,
WF PULLEY MIO ,CVT,2,,,,,
GRACING PULLEY AEROX/NMAX,CVT,0,,,,,
GRACING PULLEY CLICK/PCX/ADV 160,CVT,4,,,,,
GRACING PULLEY CLICK/PCX/ADV 150,CVT,5,,,,,
WF PULLEY NMAX,CVT,9,,,,,
