Description,Category,Available Qty,Cost,Whole Sale Price,Price,Alt Price 1,Alt Price 2,Sold,Number
THROTTLE CABLE PCX 150,PANTRA,9,,65,150,,,,1
THROTTLE CABLE SNIPER 150,PANTRA,3,,65,150,,,,2
THROTTLE CABLE RFI/CARB 150,PANTRA,2,,65,150,,,,3
THROTTLE CABLE NMAX,PANTRA,4,,65,150,,,,4
THROTTLE CABLE M3,PANTRA,4,,65,150,,,,5
THROTTLE CABLE SPORTY,PANTRA,9,,65,150,,,,6
THROTTLE CABLE HONDA RS,PANTRA,2,,280,450,,,,7
THROTTLE CABLE WAVE 100,PANTRA,13,,65,150,,,,8
THROTTLE CABLE XRM 125,PANTRA,9,,65,150,,,,9
THROTTLE CABLE XRM 110,PANTRA,11,,65,150,,,,10
THROTTLE CABLE WAVE 125,PANTRA,9,,,150,,,,11
THROTTLE CABLE TMX 125,PANTRA,16,,,150,,,,12
 THROTTLE CABLE TMX 155,PANTRA,13,,,150,,,,13
THROTTLE CABLE BARAKO,PANTRA,18,,,150,,,,14
THROTTLE CABLE CLICK 125,PANTRA,2,,,150,,,,15
CLUTCH CABLE RAIDER CARB,PANTRA,2,,,150,,,,17
CLUTCH CABLE TMX 155,PANTRA,6,,,150,,,,18
CLUTCH CABLE BARAKO,PANTRA,8,,,150,,,,19
CLUTCH CABLE TMX 125,PANTRA,23,,,150,,,,20
CLUTCH CABLE  ROUSER135,PANTRA,1,,,150,,,,21
SPEED CABLE CT100,PANTRA,2,,,150,,,,22
SPEED CABLE  M3,PANTRA,3,,,150,,,,23
SPEED CABLE  BARAKO 175,PANTRA,2,,,150,,,,24
SPEED CABLE  RUSI 125,PANTRA,1,,,150,,,,25
BRAKE CABLE CLICK 125,PANTRA,1,,,150,,,,26
BRAKE CABLE  BEAT,PANTRA,5,,,150,,,,27
BRAKE CABLE  M3,PANTRA,3,,,150,,,,28
BRAKE CABLE  SKYDRIVE 125,PANTRA,5,,,150,,,,29
BRAKE CABLE  TMX SUPREMO,PANTRA,9,,,150,,,,30
BRAKE CABLE  TMX 155,PANTRA,11,,,150,,,,31
BRAKE CABLE  TMX 125,PANTRA,6,,,150,,,,32
BRAKE CABLE  BARAKO,PANTRA,11,,,150,,,,33
FLASHER ASSY UNIVERSAL,PANTRA,13,,85,250,,,,34
FLASHER ASSY  TMX ALPHA,PANTRA,5,,85,250,,,,35
 HEADLIGHT SOCKET TMX ALPHA,PANTRA,16,,,150,,,,36
BRAKE SWITCH FRONT TMX,PANTRA,20,,30,80,,,,37
SIGNAL AND PARKLIGHT BULB,PANTRA,13,,8,25,,,,38
TMX ALPHA REGULATOR,PANTRA,12,,250,550,,,,39
REGULATOR MIO SPORTY,PANTRA,10,,250,550,,,,40
REGULATOR TMX 155,PANTRA,1,,250,550,,,,41
REGULATOR XRM 110,PANTRA,5,,250,550,,,,42
XRM 110 XRM 110,PANTRA,1,,250,550,,,,43
REGULATOR SNIPER 155,PANTRA,1,,250,550,,,,44
REGULATOR MIO M3,PANTRA,2,,250,550,,,,45
REGULATOR NMAX,PANTRA,2,,480,750,,,,46
BENDIX ASSY MIO,PANTRA,5,,320,550,,,,47
STARTER RELAY MIO SPORTY,PANTRA,4,,220,550,,,,48
LEFT AND RIGHT  SWITCH ASSY,PANTRA,2,,550,850,,,,49
TOP HEAD GASKET RUBBER,PANTRA,13,,70,150,,,,50
HORN HARNESS ASSY,PANTRA,7,,80,180,,,,51
DOMINO SWITCH,PANTRA,10,,80,180,,,,52
UNIVERSAL CARBORATOR MANIFOLD,PANTRA,10,,110,250,,,,53
RAM AIR NMAX V2,PANTRA,13,,250,750,,,,54
RAM AIR  PCX,PANTRA,5,,250,750,,,,55
RAM AIR  AEROX V1,PANTRA,4,,250,750,,,,56
RAM AIR  CLICK 160,PANTRA,1,,250,750,,,,57
LDX HANDLE GRIP,PANTRA,5,,110,250,,,,58
TRC BRAKE LINE 210 CM,PANTRA,6,,,980,,,,59
TRC BRAKE LINE 170 CM,PANTRA,,,,780,,,,60
EARL HOSE 36/90,PANTRA,3,,219,380,,,,61
EARL HOSE  22/55,PANTRA,3,,219,380,,,,62
JRP BRAKE KIT  26/90,PANTRA,2,,1550,2200,,,,63
OVERHAULING GASKET TMX 155,PANTRA,13,,80,180,,,,64
OVERHAULING GASKET  SUPREMO,PANTRA,2,,80,180,,,,65
OVERHAULING GASKET  BARAKO,PANTRA,4,,80,180,,,,66
OVERHAULING GASKET  TMX 125,PANTRA,5,,80,180,,,,67
OVERHAULING GASKET  BAJAJ CT100,PANTRA,3,,80,180,,,,68
OIL SEAL HEAD GASKET WAVE 125,PANTRA,5,,180,350,,,,69
TOP OVERHAULING GASKET BARAKO 175,PANTRA,10,,180,180,,,,70
TOP OVERHAULING GASKET  CG 125,PANTRA,2,,80,150,,,,71
TOP OVERHAULING GASKET TMX 155,PANTRA,3,,80,180,,,,72
 CYLINDER PACKING GY6,PANTRA,5,,80,180,,,,73
 CYLINDER PACKING RAIDER CARB,PANTRA,4,,80,180,,,,74
BALL RACE CT 100,PANTRA,5,,250,450,,,,75
BALL RACE Wave 100,PANTRA,2,,250,450,,,,76
BALL RACE XRM,PANTRA,3,,250,450,,,,77
BALL RACE MIO SPORTY,PANTRA,4,,250,450,,,,78
BALL RACE TMX,PANTRA,1,,250,450,,,,79
BALL RACE BARAKO,PANTRA,2,,250,450,,,,80
EXHAUST GASKET,PANTRA,38,,250,150,,,,81
XRM 110 OVERHAULING GASKET,PANTRA,10,,80,180,,,,82
WAVE 110 OVERHAULING GASKET,PANTRA,10,,80,150,,,,83
OVERHAULING GASKET TMX 155,PANTRA,10,,80,150,,,,84
OVERHAULING GASKET CT 100,PANTRA,5,,,150,,,,85
MISHIBA SPROCKET SET,PANTRA,5,,210,380,,,,86
CK SPROCKET SET SET XR 150,PANTRA,2,,950,1500,,,,87
TIGER SPROCKET SET XRM 125 FI,PANTRA,4,,870,1250,,,,88
OKM RACING GOLD SPROCKET SET WAVE 100 XRM 125,PANTRA,7,,870,1150,,,,89
LAZX SPROCKET BARAKO SET,PANTRA,5,,870,1250,,,,90
LAZX SPROCKET SET SMASH 110,PANTRA,3,,870,1150,,,,91
MISHIBA CHAIN SET WAVE 125,PANTRA,9,,910,1250,,,,92
MISHIBA CHAIN SET  TMX,PANTRA,1,,910,1150,,,,93
GOLD CHAIN SET TMX,PANTRA,1,,910,1150,,,,94
OSAKI CHAINSET RAIDER 150,PANTRA,1,,910,1450,,,,95
MUTARRU GOLD CHAIN  RAIDER 150,PANTRA,5,,1150,1850,,,,96
MUTARRU GOLD CHAIN SNIPER 150,PANTRA,4,,1150,1850,,,,97
JONTHAI GOLD CHAIN SNIPER 150,PANTRA,8,,1150,1550,,,,98
PERFECT POWER R15 CHAINSET,PANTRA,2,,1650,1900,,,,99
PERFECT POWER MT15 CHAINSET,PANTRA,2,,1650,1900,,,,100
PERFECT POWER M 15 CHAINSET,PANTRA,2,,1650,1900,,,,101
MITSO TMX SUPREMO  CHAINSET,PANTRA,5,,850,1250,,,,102
RK-M CHAIN,PANTRA,3,,380,550,,,,103
MITSU 120L 428,PANTRA,3,,,350,,,,104
MAKOTO 130L 428,PANTRA,1,,,350,,,,105
MISHIBA 110L 428,PANTRA,11,,180,380,,,,106
"MAKOTO BRAKE SHOE HD3, HDX, WIND 125",PANTRA,8,,,220,,,,107
YAMAKOTO BRAKE SHOE TMX FRONT,PANTRA,25,,,200,,,,108
"MISHIBA BRAKE SHOE RS100, HD3",PANTRA,3,,,180,,,,109
SUNBEN BRAKE SHOE TMX FRONT,PANTRA,10,,,180,,,,110
RZ BRAKE SHOE RS,PANTRA,3,,,180,,,,111
MTR BRAKE SHOE SKYDRIVE,PANTRA,5,,,200,,,,112
MEHOL BRAKE SHOE CB 125,PANTRA,6,,,180,,,,113
"OTAKA BRAKE SHOE TMX 125, CB110, XR150",PANTRA,8,,,220,,,,114
"MAKOTO BRAKE SHOE BEAT 110, SUPREMO, CLICK 160",PANTRA,10,,,180,,,,115
SPEED POWER BRAKE SHOE TMX 155 REAR,PANTRA,2,,,180,,,,116
"MK BRAKE SHOE C100, WAVE 100, WAVE 110",PANTRA,3,,,180,,,,117
YAMAKOTO BRAKE SHOE TMX FRONT,PANTRA,1,,,180,,,,118
PMK BRAKE SHOE TMX 155 REAR,PANTRA,6,,,180,,,,119
GRS BRAKE SHOE BARAKO,PANTRA,1,,,180,,,,120
YAMAHA M3 BRAKE SHOE,PANTRA,5,,,350,,,,121
"HONDA BRAKE SHOE GENUINE CLICK, BEAT",PANTRA,5,,,350,,,,122
VGT DISC PAD PCX/ADV REAR,PANTRA,41,,,250,,,,123
VGT DISK PAD ADV FRONT,PANTRA,41,,,250,,,,124
VGT DISK PAD SNIPER FRONT,PANTRA,29,,,250,,,,125
VGT DISC PAD RAIDER 150 REAR,PANTRA,45,,,250,,,,126
VGT DISC PAD RAIDER 150 FRONT,PANTRA,13,,,250,,,,127
VGT DISC PAD WAVE 125 FRONT,PANTRA,45,,,250,,,,128
VGT DISC PAD R150i REAR,PANTRA,8,,,250,,,,129
VGT DISC PAD XRM TRINITY,PANTRA,18,,,250,,,,130
VGT DISC PAD BEAT FRONT,PANTRA,42,,,250,,,,131
TTGR BRAKE SHOE SKYDRIVE,PANTRA,1,,,250,,,,132
YAMAHA DISC PAD GENUINE XMAX,PANTRA,4,,,750,,,,133
RS8 FORCE DISC PAD R150 FRONT,PANTRA,7,,,260,,,,134
RS8 FORCE DISC PAD RAIDER OLD FRONT,PANTRA,10,,,260,,,,135
RS8 FORCE DISC PAD CLICK 150,PANTRA,4,,,260,,,,136
BENDIX DISC PAD HONDA BEAT/200MGR,PANTRA,6,,,350,,,,137
BENDIX DISC PAD MIO SOUL I 125,PANTRA,4,,,350,,,,138
HONDA GENUINE DISC PAD CLICK 125,PANTRA,12,,,350,,,,139
HONDA GENUINE DISC PAD PCX/ADV,PANTRA,13,,,350,,,,140
UNIQUE PERFORMANCE DISC PAD BRASS Rfi FRONT,PANTRA,6,,,380,,,,141
SLIDER PIECE GY6,PANTRA,9,,,150,,,,142
SLIDER PIECE YAMAHA GENUINE MIO,PANTRA,8,,,150,,,,143
SGP VALVE GUIDE SMASH 110,PANTRA,2,,,220,,,,144
JAPAN VALVE GUIDE XRM 110,PANTRA,1,,,220,,,,145
YAMAHA GENUINE BENDIX KIT MIO,PANTRA,3,,,150,,,,146
JAPAN BENDIX KIT XRM 110,PANTRA,5,,,220,,,,147
DYNO PRO RACING MANUAL CAM CHAIN TENSIONEL AEROX/NMAX,PANTRA,5,,,150,,,,148
DYNO PRO RACING MANUAL CAM CHAIN TENSIONEL RAIDER J/SHOGUN,PANTRA,1,,,150,,,,149
DYNO PRO RACING MANUAL CAM CHAIN TENSIONEL WAVE 125/GY6,PANTRA,3,,,150,,,,150
RS8 PERFORMANCE CVT LOCKING NUT NMAX/AEROX/M3,PANTRA,12,,,150,,,,151
HONDA GENUINE ROLLER COMP CAM CHAIN GUIDE WAVE,PANTRA,8,,,220,,,,152
HERO ABS SENSOR DISC PCX,PANTRA,1,,,350,,,,153
HERO ABS SENSOR DISC AEROX,PANTRA,1,,,350,,,,154
TTGR SIDE STAND SWITCH PCX 160,PANTRA,2,,,350,,,,155
TTGR SIDE STAND SWITCH NMAX,PANTRA,2,,,350,,,,156
TTGR SIDE STAND SWITCH CLICK 125/150,PANTRA,2,,,350,,,,157
TTGR SIDE STAND SWITCH MIO I 125/M3,PANTRA,2,,,350,,,,158
TTGR SIDE STAND SWITCH ADV/PCX,PANTRA,2,,,350,,,,159
TGO TAKASAGO STOCK PIPE TMX 155,PANTRA,5,,,1850,,,,160
TGO TAKASAGO STOCK PIPE WAVE 125,PANTRA,3,,,1850,,,,161
TGO TAKASAGO STOCK PIPE WAVE 100,PANTRA,1,,,1850,,,,162
STOCK PIPE XRM 110,PANTRA,1,,,1850,,,,163
STOCK PIPE XRM 125,PANTRA,2,,,1850,,,,164
STOCK PIPE SMASH 110,PANTRA,3,,,1850,,,,165
BARAKO CHICKEN PIPE,PANTRA,2,,,1850,,,,166
YAMAHA GENUINE TORQUE DRIVE NUT 2DP,GENUINE PARTS,5,,,200,,,,167
HONDA GENUINE TORQUE DRIVE NUT CLICK,GENUINE PARTS,4,,,200,,,,168
YAMAHA GENUINE MAGNETO OIL SEAL (5MX1) 93102-19800,GENUINE PARTS,5,,,200,,,,169
YAMAHA GENUINE MAGNETO OIL SEAL M3 2PH-E7641-00,GENUINE PARTS,5,,,200,,,,170
YAMAHA GENUINE OIL SEAL NMAX 2DP-E7641-00,GENUINE PARTS,5,,,200,,,,171
YAMAHA GENUINE OIL SEAL AEROX BG3-E7641-00,GENUINE PARTS,5,,,200,,,,172
HONDA GENUINE MAGNETO OIL SEAL (20-8X32X6) CLICK 125,GENUINE PARTS,5,,,200,,,,173
HONDA GENUINE PULLEY NUT CLICK,GENUINE PARTS,4,,,200,,,,174
HONDA GENUINE BELL NUT CLICK,GENUINE PARTS,5,,,200,,,,175
YAMAHA GENUINE PULLEY NUT MIO SPORTY,GENUINE PARTS,5,,,200,,,,176
YAMAHA GENUINE PULLEY NUT M3,GENUINE PARTS,5,,,200,,,,177
YAMAHA GENUINE BELL NUT MIO SPORTY,GENUINE PARTS,5,,,200,,,,178
FORK OIL SEAL YAMAHA FZ ,GENUINE PARTS,5,,,200,,,,179
HONDA GENUINE TORQUE DRIVE OIL SEAL CLICK,GENUINE PARTS,4,,,200,,,,180
YAMAHA GENUINE TORQUE DRIVE OIL SEAL AEROX,GENUINE PARTS,3,,,200,,,,181
YAMAHA GENUINE TORQUE DRIVE OIL SEAL M3,GENUINE PARTS,5,,,200,,,,182
HONDA GENUINE TAPET ORING WAVE 125,GENUINE PARTS,10,,,150,,,,183
YAMAHA GENUINE FUEL PUMP ORING,GENUINE PARTS,5,,,150,,,,184
HONDA GENUINE AXLE SHAFT OIL SEAL CLICK,GENUINE PARTS,3,,,150,,,,185
YAMAHA GENUINE BACK PLATE COVER PULLEY,GENUINE PARTS,4,,,,,,,186
YAMAHA GENUINE HALFSHELL TORQUE - B6H-E7670-00,GENUINE PARTS,2,,,,,,,187
YAMAHA GENUINE HALFSHELL TORQUE - 2SX-E7670-00,GENUINE PARTS,2,,,,,,,188
HONDA GENUINE FUEL PUMP ORING,GENUINE PARTS,7,,,150,,,,189
YAMAHA GENUINE BASE GASKET 2PH-E1351-00,GENUINE PARTS,6,,,220,,,,190
CYLINDER HEAD JVT SUPER HEAD NMAX AEROX 26/23 MM,ENGINE PERFORMANCE,1,,,24500,,,,191
CYLINDER BLOCK JVT BLOCK NMAX/AEROX 66MM,ENGINE PERFORMANCE,3,,,8800,,,,192
CYLINDER BLOCK JVT BLOCK NMAX/AEROX 63MM,ENGINE PERFORMANCE,8,,,7800,,,,193
CYLINDER BLOCK JVT BLOCK M3 59MM CB,ENGINE PERFORMANCE,14,,,5400,,,,194
CYLINDER BLOCK JVT BLOCK M3 59MM 3B,ENGINE PERFORMANCE,3,,,4100,,,,195
CYLINDER BLOCK JVT BLOCK MIO 59MM,ENGINE PERFORMANCE,2,,,5400,,,,196
CYLINDER BLOCK JVT BLOCK RF1 62MM CB,ENGINE PERFORMANCE,1,,,6200,,,,197
JVT CAMSHAFT MIO J20,ENGINE PERFORMANCE,2,,,2500,,,,198
TSMP HEAD COVER BLACK,ENGINE PERFORMANCE,2,,,6500,,,,199
TSMP HEAD COVER SILVER,ENGINE PERFORMANCE,2,,,6500,,,,200
TSMP NMAX/AEROX BLOCK 63MM,ENGINE PERFORMANCE,11,,,7000,,,,201
TSMP NMAX/AEROX BLOCK 66MM,ENGINE PERFORMANCE,0,,,8000,,,,202
TSMP NMAX/AEROX BLOCK 66MM LONG SLEEVE,ENGINE PERFORMANCE,2,,,8200,,,,203
TSMP MIO BLOCK 63MM,ENGINE PERFORMANCE,6,,,,,,,204
TSMP CRANKSHAFT +4 NMAX V1,ENGINE PERFORMANCE,1,,,11800,,,,205
TSMP THROTTLE BODY NMAX V2 32MM,ENGINE PERFORMANCE,2,,,3950,,,,206
TSMP THROTTLE BODY NMAX V2 34MM,ENGINE PERFORMANCE,5,,,3950,,,,207
TSMP THROTTLE BODY NMAX V2 36MM,ENGINE PERFORMANCE,2,,,3950,,,,208
TSMP THROTTLE BODY NMAX V2 38MM,ENGINE PERFORMANCE,0,,,3950,,,,209
TSMP THROTTLE BODY NMAX V2 40MM,ENGINE PERFORMANCE,2,,,3950,,,,210
TSMP THROTTLE BODY NMAX V1 32MM,ENGINE PERFORMANCE,1,,,3950,,,,211
TSMP THROTTLE BODY AEROX V1 32MM,ENGINE PERFORMANCE,0,,,3950,,,,212
TSMP THROTTLE BODY AEROX V1 34MM,ENGINE PERFORMANCE,0,,,3950,,,,213
TSMP FUEL INJECTOR 130CC YAMAHA,ENGINE PERFORMANCE,0,,,1400,,,,214
TSMP FUEL INJECTOR 140CC YAMAHA,ENGINE PERFORMANCE,0,,,1400,,,,215
TSMP FUEL INJECTOR 145CC YAMAHA,ENGINE PERFORMANCE,0,,,1400,,,,216
TSMP FUEL INJECTOR 150CC YAMAHA,ENGINE PERFORMANCE,1,,,1400,,,,217
TSMP FUEL INJECTOR 160CC YAMAHA,ENGINE PERFORMANCE,2,,,1400,,,,218
TSMP FUEL INJECTOR 170CC YAMAHA,ENGINE PERFORMANCE,0,,,1400,,,,219
TSMP FUEL INJECTOR 180CC YAMAHA,ENGINE PERFORMANCE,3,,,1400,,,,220
TSMP FUEL INJECTOR 300CC YAMAHA,ENGINE PERFORMANCE,2,,,1800,,,,221
MTRT NMAX/AEROX BLOCK 63.5MM,ENGINE PERFORMANCE,5,,,6800,,,,222
MTRT NMAX/AEROX BLOCK 66 MM,ENGINE PERFORMANCE,2,,,7800,,,,223
MTRT HEAD NMAX 20/23,ENGINE PERFORMANCE,1,,,14500,,,,224
MTRT HEAD NMAX 24/20,ENGINE PERFORMANCE,1,,,14500,,,,225
MTRT HEAD NMAX 25/21,ENGINE PERFORMANCE,1,,,14500,,,,226
MTRT HEAD NMAX 19/21,ENGINE PERFORMANCE,1,,,11500,,,,227
MTRT HEAD MIO 30.5/25,ENGINE PERFORMANCE,1,,,6500,,,,228
MTRT HEAD MIO 29.5/25,ENGINE PERFORMANCE,1,,,6000,,,,229
MTRT THROTTLE BODY M3 28MM,ENGINE PERFORMANCE,1,,,3400,,,,230
MTRT THROTTLE BODY M3 32MM,ENGINE PERFORMANCE,0,,,3400,,,,231
MTRT THROTTLE BODY M3 34MM,ENGINE PERFORMANCE,0,,,3400,,,,232
MTRT THROTTLE BODY SNIPER 34MM,ENGINE PERFORMANCE,0,,,3700,,,,233
MTRT THROTTLE BODY SNIPER 36MM,ENGINE PERFORMANCE,3,,,3700,,,,234
MTRT FUEL INJECTOR 130CC YAMAHA,ENGINE PERFORMANCE,0,,,1400,,,,235
MTRT FUEL INJECTOR 140CC YAMAHA,ENGINE PERFORMANCE,0,,,1400,,,,236
MTRT FUEL INJECTOR 145CC YAMAHA,ENGINE PERFORMANCE,0,,,1400,,,,237
MTRT FUEL INJECTOR 150CC YAMAHA,ENGINE PERFORMANCE,4,,,1400,,,,238
MTRT FUEL INJECTOR 160CC YAMAHA,ENGINE PERFORMANCE,2,,,1400,,,,239
MTRT FUEL INJECTOR 170CC YAMAHA,ENGINE PERFORMANCE,0,,,1400,,,,240
MTRT FUEL INJECTOR 180CC YAMAHA,ENGINE PERFORMANCE,1,,,1400,,,,241
MTRT FUEL INJECTOR 190CC YAMAHA,ENGINE PERFORMANCE,3,,,1400,,,,242
MTRT FUEL INJECTOR 200CC YAMAHA,ENGINE PERFORMANCE,2,,,1500,,,,243
MTRT FUEL INJECTOR 210CC YAMAHA,ENGINE PERFORMANCE,1,,,1500,,,,244
MTRT FUEL INJECTOR 220CC YAMAHA,ENGINE PERFORMANCE,0,,,1500,,,,245
MTRT FUEL INJECTOR 240CC YAMAHA,ENGINE PERFORMANCE,0,,,1500,,,,246
MTRT FUEL INJECTOR 135CC HONDA,ENGINE PERFORMANCE,10,,,1400,,,,247
MTRT FUEL INJECTOR 140CC HONDA,ENGINE PERFORMANCE,0,,,1400,,,,248
MTRT FUEL INJECTOR 145CC HONDA,ENGINE PERFORMANCE,10,,,1400,,,,249
MTRT FUEL INJECTOR 150CC HONDA,ENGINE PERFORMANCE,10,,,1400,,,,250
MTRT FUEL INJECTOR 160CC HONDA,ENGINE PERFORMANCE,10,,,1400,,,,251
MTRT FUEL INJECTOR 170CC HONDA,ENGINE PERFORMANCE,0,,,1400,,,,252
MTRT FUEL INJECTOR 180CC HONDA,ENGINE PERFORMANCE,0,,,1400,,,,253
MTRT FUEL INJECTOR 190CC HONDA,ENGINE PERFORMANCE,0,,,1400,,,,254
MTRT FUEL INJECTOR 200CC HONDA,ENGINE PERFORMANCE,0,,,1500,,,,255
MTRT FUEL INJECTOR 210CC HONDA,ENGINE PERFORMANCE,0,,,1500,,,,256
MTRT FUEL INJECTOR 220CC HONDA,ENGINE PERFORMANCE,0,,,1500,,,,257
MTRT FUEL INJECTOR 240CC HONDA,ENGINE PERFORMANCE,0,,,1500,,,,258
TRF CRANKSHAFT +3,ENGINE PERFORMANCE,0,,,11800,,,,259
TRF CRANKSHAFT +4,ENGINE PERFORMANCE,0,,,12200,,,,260
TRF CRANKSHAFT +6,ENGINE PERFORMANCE,0,,,12500,,,,261
TRF CRANKSHAFT +9,ENGINE PERFORMANCE,0,,,12500,,,,262
TRF CRANKSHAFT +12,ENGINE PERFORMANCE,0,,,13500,,,,263
YOLAC CAMSHAFT NMAX V1,ENGINE PERFORMANCE,1,,,3000,,,,264
YOLAC CAMSHAFT MIO,ENGINE PERFORMANCE,2,,,3000,,,,265
GRACING CAMSHAFT MIO 6.8,ENGINE PERFORMANCE,5,,,2400,,,,266
GRACING CAMSHAFT NMAX S1,ENGINE PERFORMANCE,0,,,2250,,,,267
GRACING CAMSHAFT NMAX S2,ENGINE PERFORMANCE,0,,,2500,,,,268
CRP CAMSHAFT NMAX S1,ENGINE PERFORMANCE,0,,,2100,,,,269
CRP CAMSHAFT NMAX S2,ENGINE PERFORMANCE,0,,,2300,,,,270
BWIN CAMSHAFT CLICK S1,ENGINE PERFORMANCE,0,,,1900,,,,271
MTRT CAMSHAFT CLICK S1,ENGINE PERFORMANCE,0,,,2200,,,,272
MTRT CAMSHAFT CLICK S2,ENGINE PERFORMANCE,0,,,2300,,,,273
MTRT CAMSHAFT M3 S1 M3,ENGINE PERFORMANCE,0,,,2200,,,,274
MTRT CAMSHAFT M3 S2 M3,ENGINE PERFORMANCE,0,,,2300,,,,275
RS8/SRF SUPER HEAD NMAX 26/23,ENGINE PERFORMANCE,0,,,14000,,,,276
RS8/SRF NMAX BLOCK 66 MM,ENGINE PERFORMANCE,1,,,6800,,,,277
RS8/SRF NMAX BLOCK 69 MM,ENGINE PERFORMANCE,1,,,7500,,,,278
RS8/SRF NMAX BLOCK 72 MM,ENGINE PERFORMANCE,1,,,7800,,,,279
RS8/SRF NMAX BLOCK 62 MM,ENGINE PERFORMANCE,0,,,6200,,,,280
RS8/SRF NMAX BLOCK 65MM,ENGINE PERFORMANCE,0,,,6500,,,,281
RS8/SRF M3 59MM CB,ENGINE PERFORMANCE,0,,,4500,,,,282
RS8/SRF CLICK 56 MM CB,ENGINE PERFORMANCE,0,,,5400,,,,283
RS8/SRF THROTTLE BODY  NMAX V2 32MM,ENGINE PERFORMANCE,0,,,3800,,,,284
RS8/SRF THROTTLE BODY  NMAX V2 34MM,ENGINE PERFORMANCE,2,,,3800,,,,285
RS8/SRF THROTTLE BODY  NMAX V2 36MM,ENGINE PERFORMANCE,0,,,3800,,,,286
RS8/SRF THROTTLE BODY  NMAX V2 38MM,ENGINE PERFORMANCE,0,,,3800,,,,287
RS8/SRF THROTTLE BODY  NMAX V2 40MM,ENGINE PERFORMANCE,1,,,3800,,,,288
RS8/SRF THROTTLE BODY  NMAX V1 32MM,ENGINE PERFORMANCE,0,,,3800,,,,289
RS8/SRF THROTTLE BODY  AEROX V1 32MM,ENGINE PERFORMANCE,0,,,3800,,,,290
RS8/SRF THROTTLE BODY  AEROX V1 34MM,ENGINE PERFORMANCE,1,,,3800,,,,291
RS8/SRF THROTTLE BODY  AEROX V1 36MM,ENGINE PERFORMANCE,1,,,3800,,,,292
RS8/SRF THROTTLE BODY  CLICK 125 32MM,ENGINE PERFORMANCE,2,,,3800,,,,293
RS8/SRF THROTTLE BODY  CLICK 125 34MM,ENGINE PERFORMANCE,2,,,3800,,,,294
RS8/SRF THROTTLE BODY  PCX 160 34MM,ENGINE PERFORMANCE,1,,,3800,,,,295
RS8/SRF THROTTLE BODY  NMAX V2 36MM DOWN DRAFT,ENGINE PERFORMANCE,5,,,4500,,,,296
AGC CYLINDER BLOCK M3 59MM SB,ENGINE PERFORMANCE,1,,,2900,,,,297
AGC CYLINDER BLOCK MIO 59MM SB,ENGINE PERFORMANCE,1,,,2900,,,,298
PITSBIKE CYLINDER BLOCK CLICK 150 62MM SB,ENGINE PERFORMANCE,1,,,3800,,,,299
PITSBIKE CYLINDER BLOCK RFI 62MM,ENGINE PERFORMANCE,1,,,3800,,,,300
VORMAX CRANKSHAFT CRANKSHAFT M3,ENGINE PERFORMANCE,2,,,4500,,,,301
VORMAX CRANKSHAFT CRANKSHAFT MIO,ENGINE PERFORMANCE,1,,,4500,,,,302
VORMAX CRANKSHAFT CRANKSHAFT BEAT,ENGINE PERFORMANCE,1,,,4500,,,,303
RS8 FUEL INJECTOR 130CC YAMAHA,ENGINE PERFORMANCE,0,,,1150,,,,304
RS8 FUEL INJECTOR 140CC YAMAHA,ENGINE PERFORMANCE,4,,,1150,,,,305
RS8 FUEL INJECTOR 145CC YAMAHA,ENGINE PERFORMANCE,4,,,1150,,,,306
RS8 FUEL INJECTOR 150CC YAMAHA,ENGINE PERFORMANCE,2,,,1150,,,,307
RS8 FUEL INJECTOR 160CC YAMAHA,ENGINE PERFORMANCE,0,,,1150,,,,308
RS8 FUEL INJECTOR 170CC YAMAHA,ENGINE PERFORMANCE,0,,,1150,,,,309
RS8 FUEL INJECTOR 180CC YAMAHA,ENGINE PERFORMANCE,0,,,1150,,,,310
RS8 FUEL INJECTOR 190CC YAMAHA,ENGINE PERFORMANCE,0,,,1150,,,,311
RS8 FUEL INJECTOR 200CC YAMAHA,ENGINE PERFORMANCE,0,,,1150,,,,312
RS8 FUEL INJECTOR 210CC YAMAHA,ENGINE PERFORMANCE,0,,,1150,,,,313
RS8 FUEL INJECTOR 220CC YAMAHA,ENGINE PERFORMANCE,0,,,1150,,,,314
RS8 FUEL INJECTOR 240CC YAMAHA,ENGINE PERFORMANCE,0,,,1150,,,,315
BOMX STAR 14S NMAX V2 RED,WHEELS,,,,6800,,,,316
BOMX STAR 14S NMAX V2 BLUE,WHEELS,,,,6800,,,,317
BOMX STAR 14S NMAX V2 SILVER,WHEELS,,,,6800,,,,318
BOMX STAR 14S NMAX V2 VIOLET,WHEELS,,,,6800,,,,319
BOMX STAR 14S NMAX V2 BLACK,WHEELS,,,,6800,,,,320
BOMX STAR 14S NMAX V2 GOLD,WHEELS,,,,6800,,,,321
BOMX STAR 14S NMAX V1 RED,WHEELS,,,,6800,,,,322
BOMX STAR 14S NMAX V1 BLUE,WHEELS,,,,6800,,,,323
BOMX STAR 14S NMAX V1 SILVER,WHEELS,,,,6800,,,,324
BOMX STAR 14S NMAX V1 VIOLET,WHEELS,,,,6800,,,,325
BOMX STAR 14S NMAX V1 BLACK,WHEELS,,,,6800,,,,326
BOMX STAR 14S NMAX V1 GOLD,WHEELS,,,,6800,,,,327
BOMX STAR 13S NMAX V2 RED,WHEELS,,,,7300,,,,328
BOMX STAR 13S NMAX V2 BLUE,WHEELS,,,,7300,,,,329
BOMX STAR 13S NMAX V2 SILVER,WHEELS,,,,7300,,,,330
BOMX STAR 13S NMAX V2 BLACK,WHEELS,,,,7300,,,,331
BOMX STAR 13S NMAX V2 ORANGE,WHEELS,,,,7300,,,,332
BOMX STAR 13S NMAX V2 VIOLET,WHEELS,,,,7300,,,,333
BOMX STAR 13S NMAX V1 SILVER,WHEELS,,,,7300,,,,334
BOMX DRACO 14S NMAX V2 SILVER,WHEELS,,,,6800,,,,335
BOMX DRACO 14S NMAX V2 BLUE,WHEELS,,,,6800,,,,336
BOMX DRACO 14S NMAX V2 RED,WHEELS,,,,6800,,,,337
BOMX DRACO 14S NMAX V2 BLACK,WHEELS,,,,6800,,,,338
BOMX DRACO 14S NMAX V1 BLUE,WHEELS,,,,6800,,,,339
BOMX DRACO 14S NMAX V1 BLACK,WHEELS,,,,6800,,,,340
BOMX STAR AEROX BLUE,WHEELS,,,,6800,,,,341
BOMX STAR AEROX RED,WHEELS,,,,6800,,,,342
BOMX STAR AEROX VIOLET,WHEELS,,,,6800,,,,343
BOMX STAR AEROX GREY,WHEELS,,,,6800,,,,344
BOMX STAR PCX 160 VIOLET,WHEELS,,,,6800,,,,345
BOMX STAR PCX 160 SILVER,WHEELS,,,,6800,,,,346
BOMX STAR CLICK 160 BLACK,WHEELS,,,,6800,,,,347
BOMX STAR GIORNO BLUE,WHEELS,,,,7500,,,,348
BOMX STAR GIORNO VIOLET,WHEELS,,,,7500,,,,349
BOMX LUNA BEAT RED,WHEELS,,,,6800,,,,350
BOMX LUNA BEAT BLUE,WHEELS,,,,6800,,,,351
BOMX LUNA BEAT VIOLET,WHEELS,,,,6800,,,,352
BOMX STAR CLICK 125 RED,WHEELS,,,,6800,,,,353
BOMX STAR CLICK 125 BLUE,WHEELS,,,,6800,,,,354
BOMX STAR CLICK 125 SILVER,WHEELS,,,,6800,,,,355
BOMX STAR CLICK 125 VIOLET,WHEELS,,,,6800,,,,356
BOMX STAR CLICK 125 BLACK,WHEELS,,,,6800,,,,357
BOMX STAR CLICK 125 GOLD,WHEELS,,,,6800,,,,358
BOMX DRACO CLICK 125 RED,WHEELS,,,,6800,,,,359
BOMX DRACO CLICK 125 BLUE,WHEELS,,,,6800,,,,360
BOMX DRACO CLICK 125 SILVER,WHEELS,,,,6800,,,,361
BOMX DRACO CLICK 125 VIOLET,WHEELS,,,,6800,,,,362
BOMX LUNA CLICK 125 RED,WHEELS,,,,6800,,,,363
BOMX LUNA CLICK 125 BLUE,WHEELS,,,,6800,,,,364
BOMX LUNA CLICK 125 SILVER,WHEELS,,,,6800,,,,365
BOMX LUNA CLICK 125 BLACK LUMINAR,WHEELS,,,,6800,,,,366
BOMX 1YC CLICK 125 RED,WHEELS,,,,9300,,,,367
BOMX 1YC CLICK 125 BLUE,WHEELS,,,,9300,,,,368
BOMX 1YC CLICK 125 SILVER,WHEELS,,,,9300,,,,369
BOMX STAR M3 RED,WHEELS,,,,6300,,,,370
BOMX STAR M3 BLUE,WHEELS,,,,6300,,,,371
BOMX STAR M3 SILVER,WHEELS,,,,6300,,,,372
BOMX STAR M3 VIOLET,WHEELS,,,,6300,,,,373
BOMX STAR M3 GREY,WHEELS,,,,6300,,,,374
BOMX STAR SPORTY RED,WHEELS,,,,6300,,,,375
BOMX STAR SPORTY BLUE,WHEELS,,,,6300,,,,376
BOMX STAR SPORTY SILVER,WHEELS,,,,6300,,,,377
BOMX STAR SPORTY VIOLET,WHEELS,,,,6300,,,,378
BOMX STAR SPORTY BLACK,WHEELS,,,,6300,,,,379
BOMX STAR SPORTY GOLD,WHEELS,,,,6300,,,,380
BOMX LUNA SPORTY VIOLET,WHEELS,,,,6800,,,,381
BOMX LUNA SPORTY BLACK,WHEELS,,,,6800,,,,382
BOMX LUNA SPORTY SILVER,WHEELS,,,,6800,,,,383
BOMX LUNA SPORTY BLUE,WHEELS,,,,6800,,,,384
BOMX LUNA SPORTY RED,WHEELS,,,,6800,,,,385
BOMX VELA SPORTY BLUE,WHEELS,,,,6300,,,,386
BOMX LUNA M3 RED,WHEELS,,,,6800,,,,387
BOMX LUNA M3 GREY,WHEELS,,,,6800,,,,388
BOMX LUNA M3 BLUE,WHEELS,,,,6800,,,,389
BOMX LUNA M3 VIOLET,WHEELS,,,,6800,,,,390
BOMX LUNA M3 BLACK,WHEELS,,,,6800,,,,391
BOMX 1YC SPORTY RED,WHEELS,,,,9300,,,,392
BOMX 1YC SPORTY SILVER,WHEELS,,,,9300,,,,393
BOMX 1YC SPORTY BLUE,WHEELS,,,,9300,,,,394
BOMX 1YC MIO 125/M3 RED,WHEELS,,,,9300,,,,395
BOMX 1YC MIO 125/M3 SILVER,WHEELS,,,,9300,,,,396
BOMX SABER CLICK SILVER,WHEELS,,,,7300,,,,397
BOMX SABER CLICK BLUE,WHEELS,,,,7300,,,,398
BOMX SABER CLICK VIOLET,WHEELS,,,,7300,,,,399
BOMX SABER CLICK RED,WHEELS,,,,7300,,,,400
BOMX PROF RIMS PROF RIM BLACK,WHEELS,,,,2500,,,,401
BOMX PROF RIMS PROF RIM SILVER,WHEELS,,,,2500,,,,402
BOMX PROF RIMS PROF RIM GOLD,WHEELS,,,,2500,,,,403
BOMX PROF RIMS PROF RIM RED,WHEELS,,,,2500,,,,404
BOMX PROF RIMS PROF RIM VIOLET,WHEELS,,,,2500,,,,405
BOMX PROF RIMS PROF RIM LIME GREEN,WHEELS,,,,2500,,,,406
BOMX PROF RIMS PROF RIM SKY BLUE,WHEELS,,,,2500,,,,407
BOMX PROF RIMS PROF RIM BLUE,WHEELS,,,,2500,,,,408
RCB SP 800 NMAX BRONZE,WHEELS,,,,6800,,,,409
RCB SP 800 NMAX BLACK,WHEELS,,,,6800,,,,410
RCB SP 800 NMAX WHITE,WHEELS,,,,6800,,,,411
RCB SP 500 NMAX BRONZE,WHEELS,,,,7400,,,,412
RCB SP 500 NMAX BLACK,WHEELS,,,,7400,,,,413
RCB SP 500 NMAX WHITE,WHEELS,,,,7400,,,,414
RCB SP 500 AEROX WHITE,WHEELS,,,,7400,,,,415
RCB SP 500 AEROX BLACK,WHEELS,,,,7400,,,,416
RCB SP 500 AEROX BRONZE,WHEELS,,,,7400,,,,417
RCB SP 500 SNIPER BRONZE,WHEELS,,,,8300,,,,418
RCB SP 500 SNIPER WHITE,WHEELS,,,,8300,,,,419
TRC RFI BLACK,WHEELS,,,,6900,,,,420
TRC RFI VIOLET,WHEELS,,,,6900,,,,421
TRC XMAX GOLD,WHEELS,,,,18500,,,,422
RCB SP800 CLICK 160 GOLDEN BRONZE,WHEELS,,,,6800,,,,423
RCB SP800 CLICK 160 WHITE,WHEELS,,,,6800,,,,424
RCB SP800 CLICK 125/150 GLOSS BLACK,WHEELS,,,,6800,,,,425
RCB SP800 CLICK 125/150 GOLDEN BRONZE,WHEELS,,,,6800,,,,426
RCB SP811 MIO 125 GOLD,WHEELS,,,,6500,,,,427
RCB SP811 NMAX GOLD,WHEELS,,,,6500,,,,428
RCB SP811 NMAX BLACK,WHEELS,,,,6500,,,,429
RCB CT600 CLICK 125/150 BLACK,WHEELS,,,,8500,,,,430
RCB SP522 CLICK 125/150 GOLD,WHEELS,,,,6500,,,,431
G REN GREN MIO 125 RED,WHEELS,,,,5400,,,,432
G REN GREN MIO 125 MATTE BLACK,WHEELS,,,,5400,,,,433
G REN GREN ADNROID NMAX V2 RED,WHEELS,,,,6000,,,,434
BOMX ORION AEROX 17S RED,WHEELS,,,,6000,,,,435
BOMX ORION AEROX 17S BLUE,WHEELS,,,,6000,,,,436
BOMX LUMINAR SERIES SNIPER 150 GOLD,WHEELS,,,,6000,,,,437
HYLOS Y15ZR 17S BLACK,WHEELS,,,,6900,,,,438
JVT PIPE CLICK V3 ,EXHAUST PIPES,7,,,6900,,,,439
JVT PIPE NMAX V1/V2/V3 TITANIUM,EXHAUST PIPES,7,,,12500,,,,440
JVT PIPE V2 - 4.38,EXHAUST PIPES,5,,,7200,,,,441
JVT PIPE NMAX V3 - 2020,EXHAUST PIPES,2,,,7000,,,,442
JVT PIPE NMAX V4 - 2020 TITANIUM 38.S,EXHAUST PIPES,1,,,18500,,,,443
JVT PIPE AEROX V4 35-38-T,EXHAUST PIPES,4,,,7200,,,,444
JVT PIPE AEROX V3 - TITANIUM,EXHAUST PIPES,2,,,12500,,,,445
JVT PIPE BEAT V3,EXHAUST PIPES,2,,,6900,,,,446
JVT PIPE MIO M3,EXHAUST PIPES,1,,,6900,,,,447
JVT PIPE MIO SPORTY V4-T,EXHAUST PIPES,2,,,7200,,,,448
JVT PIPE MIO SPORTY V3,EXHAUST PIPES,2,,,6900,,,,449
JVT PIPE SNIPER 150,EXHAUST PIPES,1,,,6900,,,,450
SUN PIPE CLICK 125,EXHAUST PIPES,5,,,5700,,,,451
SUN PIPE AEROX/NMAX V2,EXHAUST PIPES,3,,,6500,,,,452
BOMX PIPE WAVE 125,EXHAUST PIPES,1,,,4500,,,,453
BOMX PIPE WAVE 100,EXHAUST PIPES,3,,,4500,,,,454
BOMX PIPE AEROX/NMAX,EXHAUST PIPES,3,,,4500,,,,455
UMA PIPE SNIPER 150,EXHAUST PIPES,3,,,6000,,,,456
GRACING PIPE NMAX 232CC,EXHAUST PIPES,4,,,7200,,,,457
TSMP PIPE S4 NMAX/AEROX,EXHAUST PIPES,7,,,7500,,,,458
AENOCHI PIPE MIO 125 M3,EXHAUST PIPES,1,,,9200,,,,459
KENOCHI PIPE MIO SPORTY V2,EXHAUST PIPES,2,,,9200,,,,460
KENOCHI PIPE CLICK V2,EXHAUST PIPES,2,,,9200,,,,461
KOU MANACHAI PIPE NMAX 2021,EXHAUST PIPES,1,,,13500,,,,462
MVRI PIPE SNIPER,EXHAUST PIPES,4,,,4500,,,,463
PANTRA PIPE BARAKO,EXHAUST PIPES,2,,,1850,,,,464
PANTRA PIPE TMX155,EXHAUST PIPES,5,,,1850,,,,465
PANTRA PIPE XRM 110,EXHAUST PIPES,3,,,1850,,,,466
PANTRA PIPE WAVE 100,EXHAUST PIPES,1,,,1850,,,,467
PANTRA PIPE WAVE 125,EXHAUST PIPES,3,,,1850,,,,468
PANTRA PIPE SMASH,EXHAUST PIPES,3,,,1850,,,,469
ELBU PIPE R150 CARB,EXHAUST PIPES,2,,,1500,,,,470
ELBU PIPE R150 FI,EXHAUST PIPES,2,,,1500,,,,471
JVT FLYBALL 8G NMAX,CVT,5,,,420,,,,472
JVT FLYBALL 9G NMAX,CVT,3,,,420,,,,473
JVT FLYBALL 10G NMAX,CVT,5,,,420,,,,474
JVT FLYBALL 11G NMAX,CVT,,,,420,,,,475
JVT FLYBALL 12G NMAX,CVT,3,,,420,,,,476
JVT FLYBALL 13G NMAX,CVT,,,,420,,,,477
JVT FLYBALL 14G NMAX,CVT,3,,,420,,,,478
JVT FLYBALL 9G PCX,CVT,13,,,420,,,,479
JVT FLYBALL 10G PCX,CVT,8,,,420,,,,480
JVT FLYBALL 11G PCX,CVT,1,,,420,,,,481
JVT FLYBALL 12G PCX,CVT,2,,,420,,,,482
JVT FLYBALL 13G PCX,CVT,3,,,420,,,,483
JVT FLYBALL 14G PCX,CVT,1,,,420,,,,484
JVT FLYBALL 15G PCX,CVT,2,,,420,,,,485
JVT FLYBALL 11G GY6,CVT,13,,,420,,,,486
JVT FLYBALL 12G GY6,CVT,18,,,420,,,,487
JVT FLYBALL 14G GY6,CVT,10,,,420,,,,488
JVT FLYBALL 7G SPORTY,CVT,7,,,420,,,,489
JVT FLYBALL 10G SPORTY,CVT,3,,,420,,,,490
SUN FLYBALL 16G SKYDRIVE,CVT,4,,,380,,,,491
RS8 FLYBALL 12G BEAT FI,CVT,5,,,420,,,,492
TSMP FLYBALL 13G XMAX,CVT,2,,,650,,,,493
NCY CENTER SPRING 1500 RPM NMAX,CVT,18,,,380,,,,494
NCY CENTER SPRING 1200 RPM CLICK,CVT,1,,,380,,,,495
BWIN CENTER SPRING 1000 RPM MIO,CVT,5,,,380,,,,496
BWIN CENTER SPRING 1200 RPM CLICK,CVT,3,,,380,,,,497
RS8 CENTER SPRING 1000 RPM NMAX/AEROX,CVT,20,,,500,,,,498
RS8 CENTER SPRING 1200 RPM NMAX/AEROX,CVT,10,,,500,,,,499
RS8 CENTER SPRING 1500 RPM NMAX/AEROX,CVT,13,,,500,,,,500
RS8 CENTER SPRING 1800 RPM NMAX/AEROX,CVT,7,,,500,,,,501
TSMP CENTER SPRING 1200 RPM NMAX/AEROX,CVT,20,,,450,,,,502
TSMP CENTER SPRING 1500 RPM NMAX/AEROX,CVT,20,,,450,,,,503
TSMP CENTER SPRING 1000 RPM CLICK,CVT,14,,,450,,,,504
TSMP CENTER SPRING 1500 RPM CLICK,CVT,18,,,450,,,,505
TSMP CENTER SPRING 1200 RPM CLICK,CVT,9,,,450,,,,506
TSMP CENTER SPRING 1000 RPM XMAX,CVT,1,,,450,,,,507
HIRC CENTER SPRING 1000 RPM NMAX,CVT,4,,,420,,,,508
HIRC CENTER SPRING 1200 RPM NMAX,CVT,0,,,420,,,,509
HIRC CENTER SPRING 1500 RPM NMAX,CVT,8,,,420,,,,510
HIRC CENTER SPRING 1000 RPM CLICK,CVT,4,,,420,,,,511
HIRC CENTER SPRING 1200 RPM CLICK,CVT,6,,,420,,,,512
HIRC CENTER SPRING 1500 RPM CLICK,CVT,0,,,420,,,,513
JVT CENTER SPRING 1000 RPM NMAX,CVT,9,,,500,,,,514
JVT CENTER SPRING 1200 RPM NMAX,CVT,8,,,500,,,,515
JVT CENTER SPRING 1500 RPM NMAX,CVT,9,,,500,,,,516
JVT CENTER SPRING 1000 RPM M3,CVT,10,,,500,,,,517
JVT CENTER SPRING 1200 RPM M3,CVT,14,,,500,,,,518
JVT CENTER SPRING 1500 RPM M3,CVT,14,,,500,,,,519
JVT CENTER SPRING 1000 RPM MIO SPORT,CVT,3,,,500,,,,520
JVT CENTER SPRING 1200 RPM MIO SPORT,CVT,5,,,500,,,,521
JVT CENTER SPRING 1000 RPM CLICK/PCX,CVT,9,,,600,,,,522
JVT CENTER SPRING 1200 RPM CLICK/PCX,CVT,2,,,600,,,,523
JVT CENTER SPRING 1500 RPM CLICK/PCX,CVT,12,,,600,,,,524
RS8 BACK PLATE BEAT FI,CVT,2,,,450,,,,525
RS8 BACK PLATE CLICK/ADV,CVT,3,,,450,,,,526
RS8 BACK PLATE NMAX/AEROX,CVT,2,,,450,,,,527
RS8 PULLEY BUSHING BEAT FI,CVT,2,,,380,,,,528
RS8 PULLEY BUSHING CLICK,CVT,5,,,380,,,,529
RS8 PULLEY BUSHING M3,CVT,3,,,380,,,,530
SUN PULLEY BUSHING NMAX,CVT,8,,,280,,,,531
TTGR PULLEY BUSHING MIO ,CVT,5,,,300,,,,532
MTRT ACCELERATOR TORQUE MIO,CVT,4,,,450,,,,533
JNM PULLEY WASHER CLICK,CVT,12,,,150,,,,534
JNM PULLEY WASHER M3,CVT,7,,,150,,,,535
SUN CLUTCH DUMPER NMAX,CVT,7,,,150,,,,536
JNM SLIDE PIECE M3,CVT,11,,,150,,,,537
SUN SLIDE PIECE BEAT FI,CVT,6,,,150,,,,538
TW SLIDE PIECE CLICK,CVT,5,,,150,,,,539
YAMAHA GENUINE CAM CHAIN,CVT,4,,,950,,,,540
JVT SLIDE PIECE NMAX,CVT,32,,,150,,,,541
JVT SLIDE PIECE CLICK,CVT,15,,,150,,,,542
RS8 SLIDE PIECE NMAX,CVT,8,,,150,,,,543
TTGR SLIDE PIECE RUSI FI,CVT,8,,,150,,,,544
CLUTCH NUT AXX,CVT,12,,,,,,,545
TSMP CLUTCH SHOE NMAX,CVT,6,,,1150,,,,546
MTRT VALVE SPRING MIO,CVT,7,,,850,,,,547
CRP VALVE SPRING NMAX,CVT,5,,,750,,,,548
ZENO VALVE SPRING RAIDER FI,CVT,6,,,,,,,549
CRP VALVE SPRING CLICK,CVT,5,,,,,,,550
MTRT VALVE SPRING RAIDER,CVT,2,,,,,,,551
TRF VALVE SPRING NMAX ,CVT,3,,,850,,,,552
RS8 VALVE SPRING M3,CVT,2,,,450,,,,553
RS8 VALVE SPRING NMAX,CVT,7,,,450,,,,554
TSMP CLUTCH SPRING 1000 RPM,CVT,40,,,350,,,,555
TSMP CLUTCH SPRING 1200 RPM,CVT,20,,,350,,,,556
TSMP CLUTCH SPRING 1500 RPM,CVT,34,,,350,,,,557
TSMP CLUTCH SPRING 2200 RPM,CVT,5,,,380,,,,558
ABSOLUTE CLUTCH SPRING 1000 RPM,CVT,9,,,,,,,559
HIRC CLUTCH SPRING 1500 RPM,CVT,17,,,300,,,,560
HIRC CLUTCH SPRING 1200 RPM,CVT,3,,,300,,,,561
TSMP FLYBALL 9G AEROX,CVT,25,,,400,,,,562
TSMP FLYBALL 10G AEROX,CVT,17,,,400,,,,563
TSMP FLYBALL 8G AEROX,CVT,7,,,400,,,,564
TSMP FLYBALL 11G AEROX,CVT,20,,,400,,,,565
TSMP FLYBALL 12G AEROX,CVT,22,,,400,,,,566
TSMP FLYBALL 11G CLICK,CVT,17,,,400,,,,567
TSMP FLYBALL 12G CLICK,CVT,21,,,400,,,,568
TSMP FLYBALL 13G CLICK,CVT,20,,,400,,,,569
TSMP FLYBALL 14G CLICK,CVT,0,,,400,,,,570
TSMP FLYBALL 15G CLICK,CVT,15,,,400,,,,571
MTRT CLUTCH SPRING 1500 RPM,CVT,7,,,400,,,,572
RS8 FLYBALL 8G NMAX/AEROX,CVT,18,,,420,,,,573
RS8 FLYBALL 9G NMAX/AEROX,CVT,3,,,420,,,,574
RS8 FLYBALL 10G NMAX/AEROX,CVT,0,,,420,,,,575
RS8 FLYBALL 11G NMAX/AEROX,CVT,10,,,420,,,,576
RS8 FLYBALL 12G NMAX/AEROX,CVT,0,,,420,,,,577
RS8 FLYBALL 11G CLICK,CVT,11,,,420,,,,578
RS8 FLYBALL 12G CLICK,CVT,25,,,420,,,,579
WF FLYBALL 9G AEROX,CVT,9,,,450,,,,580
WF FLYBALL 10G AEROX,CVT,10,,,450,,,,581
WF FLYBALL 11G AEROX,CVT,10,,,450,,,,582
WF FLYBALL 11G CLICK,CVT,5,,,450,,,,583
WF FLYBALL 12G CLICK,CVT,18,,,450,,,,584
ZENO FLYBALL 9G M3,CVT,9,,,380,,,,585
ZENO FLYBALL 10G M3,CVT,4,,,380,,,,586
NCY FLYBALL 8G,CVT,0,,,380,,,,587
HIRC FLYBALL 9G NMAX,CVT,18,,,380,,,,588
HIRC FLYBALL 10G NMAX,CVT,23,,,380,,,,589
HIRC FLYBALL 11G NMAX,CVT,17,,,380,,,,590
HIRC FLYBALL 12G NMAX,CVT,18,,,380,,,,591
RS8 FLYBALL 9G SPORTY,CVT,21,,,420,,,,592
RS8 FLYBALL 7G SPORTY,CVT,3,,,420,,,,593
PRESTONE BRAKE FLUID 900ML,OIL,16,,,350,,,,594
NATIONAL MULTI PURPOSE GREASE,OIL,9,,,150,,,,595
PLATINUM BRAKE FLUID 900ML,OIL,8,,,350,,,,596
DELO SPORTS 6L,OIL,1,,,2990,,,,597
HAVOLINE SAE 20W-40,COSMETIC,1,,,2000,,,,598
ZENO CUT CLEANER,OIL,12,,,150,,,,599
UNI OIL DELUX 500,OIL,2,,,270,,,,600
ENEOS DIESEL OIL,OIL,7,,,350,,,,601
IDEMETSU DIESEL AND GASOLINE,OIL,10,,,290,,,,602
SHELL RIMULA,OIL,1,,,350,,,,603
PLATINUM PRO 500,OIL,4,,,250,,,,604
NATIONAL HYDRAULIC OIL,OIL,3,,,220,,,,605
PETRON REVX,OIL,6,,,200,,,,606
ENEOS PREMIUM MINERAL OIL,OIL,3,,,310,,,,607
KOBY HIGH TEMP SPRAY MATTE BLACK,COSMETIC,16,,,280,,,,608
KOBY SPRAY PAINT BLACK,COSMETIC,9,,,150,,,,609
MR DO IT SPRAY PAINT PRIMER LIGHT GREY,COSMETIC,5,,,250,,,,610
SILVESTRE HIGH TEMP PRIMER GREY,COSMETIC,7,,,320,,,,611
KOBY SPRAY PAINT WHITE,COSMETIC,2,,,150,,,,612
KOBY SPRAY PAINT RED,COSMETIC,4,,,150,,,,613
KOBY DERUST,COSMETIC,22,,,220,,,,614
KOBY CHAIN LUBE,COSMETIC,1,,,220,,,,615
KOBY PAINT REMOVER,COSMETIC,9,,,150,,,,616
SILVESTRE CHAIN LUBE,COSMETIC,3,,,220,,,,617
DO IT CHAIN LUBE,COSMETIC,6,,,250,,,,618
BWIN DEGREASER,COSMETIC,13,,,150,,,,619
KOBY TIRE BLACK 118 ML,COSMETIC,20,,,120,,,,620
RS8 DEGREASER,COSMETIC,12,,,150,,,,621
PLEDGE,COSMETIC,5,,,400,,,,622
VS1 BIG,COSMETIC,7,,,250,,,,623
VS1 SMALL,COSMETIC,7,,,220,,,,624
SILVESTRE WAX,COSMETIC,0,,,220,,,,625
KOBY MULTI PURPOSE CLEANER,COSMETIC,3,,,180,,,,626
ARMOR ALL LEATHER WIPES,COSMETIC,1,,,450,,,,627
SAIYAN TIRE INFLATOR,COSMETIC,17,,,200,,,,628
KOBY LACQUER,COSMETIC,4,,,150,,,,629
KOBY HELMET DISINFECTING FOAM,COSMETIC,3,,,180,,,,630
SAIYAN TIRE SEALANT,OIL,9,,,150,,,,631
MOTOLITE 4LB,BATTERY,3,,,750,,,,632
MOTOLITE 5LB,BATTERY,4,,,856,,,,633
OD YTZ7V,BATTERY,10,,,950,,,,634
OD YTZ7S,BATTERY,8,,,780,,,,635
OD 12N9-BS,BATTERY,4,,,980,,,,636
OD 12N7BL-BS,BATTERY,4,,,980,,,,637
MOTOLITE MT27V,BATTERY,1,,,1150,,,,638
OD 12N5L-BS,BATTERY,3,,,980,,,,639
OD YTX5L,BATTERY,9,,,780,,,,640
OD YTX4L-BS,BATTERY,10,,,650,,,,641
OD YB3L-BS,BATTERY,10,,,550,,,,642
OD YB25-BS,BATTERY,16,,,500,,,,643
VOLGA FORK OIL,OIL,4,,,100,,,,644
RS8 GEAR OIL,OIL,7,,,80,,,,645
ZENO GEAR OIL,OIL,6,,,80,,,,646
 YAMALUBE GEAR OIL,OIL,1,,,90,,,,647
TOP GEAR GEAR OIL,OIL,18,,,80,,,,648
NSK BEARING 6003,BEARING,10,,,150,,,,649
KOYO BEARING 6202,BEARING,10,,,250,,,,650
GRS BEARING 6205,BEARING,6,,,180,,,,651
JTEKT BEARING 6201,BEARING,11,,,250,,,,652
KOYO BEARING 6201,BEARING,8,,,200,,,,653
SAIYAN BEARING 6201,BEARING,55,,,150,,,,654
KRX BEARING 6000,BEARING,46,,,80,,,,655
KRX BEARING 6002,BEARING,48,,,90,,,,656
KRX BEARING 6001,BEARING,30,,,90,,,,657
NSK BEARING 6301,BEARING,9,,,150,,,,658
KOYO BEARING 6303,BEARING,9,,,200,,,,659
KRX BEARING 6004,BEARING,7,,,120,,,,660
NSK BEARING 6001,BEARING,10,,,120,,,,661
BEASTIRE 140-70 14,TIRES,9,,,2700,2650,,,662
BEASTIRE 130-70 13,TIRES,0,,,2100,,,,663
BEASTIRE 120-70 14,TIRES,2,,,2100,2050,,,664
BEASTIRE 110-70 14,TIRES,3,,,1800,1750,,,665
BEASTIRE 110-80 14,TIRES,15,,,1900,1850,,,666
BEASTIRE 110-80 13,TIRES,0,,,1600,,,,667
BEASTIRE 130-70 13,TIRES,9,,,2100,2050,,,668
BEASTIRE 100-80 14,TIRES,27,,,1650,1600,,,669
BEASTIRE 90-90 14,TIRES,3,,,1700,1650,,,670
BEASTIRE 90-80 14,TIRES,10,,,1300,1250,,,671
BEASTIRE 80-90 14,TIRES,6,,,1500,1450,,,672
BEASTIRE 80-80 14,TIRES,9,,,1100,1050,,,673
BEASTIRE 70-80 14,TIRES,5,,,1000,950,,,674
BEASTIRE 60-80 14,TIRES,0,,,950,900,,900,675
BEASTIRE 140-70 17,TIRES,0,,,3100,3050,,,676
BEASTIRE 130-70 17,TIRES,0,,,2900,2850,,,677
BEASTIRE 120-70 17,TIRES,10,,,2700,2650,,,678
BEASTIRE 110-70 17,TIRES,6,,,2350,2300,,,679
BEASTIRE 100-70 17,TIRES,6,,,2150,2100,,,680
BEASTIRE 90-90 17,TIRES,0,,,1900,1850,,,681
BEASTIRE 90-80 17,TIRES,7,,,1600,1550,,,682
BEASTIRE 80-90 17,TIRES,2,,,1450,1400,,,683
BEASTIRE 80-80 17,TIRES,9,,,1200,1150,,,684
BEASTIRE 70-90 17,TIRES,2,,,1250,1200,,,685
BEASTIRE 60-80 17,TIRES,0,,,1000,950,,,686
BEASTIRE 110-70 13,TIRES,11,,,1650,1600,,,687
EUROGRIP 70-90 14,TIRES,1,,,1550,1500,,,688
EUROGRIP 140-70 14,TIRES,13,,,3350,3300,,,689
EUROGRIP 130-70 13,TIRES,7,,,2950,,,,690
EUROGRIP 120-70 13,TIRES,,,,2550,,,,691
EUROGRIP 110-80 14,TIRES,1,,,2600,,,,692
EUROGRIP 110-80 14,TIRES,9,,,2650,2600,,,693
EUROGRIP 100-80 14,TIRES,17,,,2350,2300,,,694
EUROGRIP 100-80 14,TIRES,,,,2300,,,,695
EUROGRIP 130-70 13,TIRES,7,,,2950,2900,,,696
EUROGRIP 110-70 13,TIRES,15,,,2550,2500,,,697
EUROGRIP 90-90 14,TIRES,4,,,2150,2100,,,698
EUROGRIP 90-80 14,TIRES,9,,,1850,1800,,,699
EUROGRIP 80-80 14,TIRES,8,,,1650,1600,,,700
EUROGRIP 80-90 14,TIRES,,,,1850,,,,701
EUROGRIP 120-70 13,TIRES,5,,,2650,2600,,,702
EUROGRIP 140-70 17,TIRES,6,,,5200,5100,,,703
EUROGRIP 130-70 17,TIRES,7,,,4200,4100,,,704
EUROGRIP 120-70 17,TIRES,,,,3800,,,,705
EUROGRIP 110-70 17,TIRES,5,,,2900,2800,,,706
EUROGRIP 100-80 17,TIRES,,,,2800,,,,707
EUROGRIP 90-90 17,TIRES,,,,1950,,,,708
EUROGRIP 80-90 17,TIRES,,,,1800,,,,709
EUROGRIP 70-90 17,TIRES,,,,1500,,,,710
EUROGRIP 60-80 17,TIRES,,,,1400,,,,711
EUROGRIP 120-70 15,TIRES,8,,,3200,3100,,,712
EUROGRIP 150-70 14,TIRES,,,,3900,3800,,,713
EUROGRIP 160-70 17,TIRES,,,,8500,,,,714
EUROGRIP 100-80 17,TIRES,,,,2800,,,,715
GRIPPER 140-70 14,TIRES,3,,,1950,1900,,,716
GRIPPER 130-70 13,TIRES,,,,1580,,,,717
GRIPPER 120-70 13,TIRES,,,,1450,,,,718
GRIPPER 110-70 13,TIRES,12,,,1300,1250,,,720
GRIPPER 100-80 14,TIRES,,,,1250,1200,,,721
GRIPPER 90-90 14,TIRES,,,,1050,1000,,,722
GRIPPER 90-80 14,TIRES,,,,1050,1000,,,723
GRIPPER 80-80 14,TIRES,,,,950,900,,,724
GRIPPER 110-80 14,TIRES,,,,1450,1400,,,726
GRIPPER 100-90 12,TIRES,,,,1900,1850,,,727
GRIPPER 110-90 10,TIRES,,,,1700,1650,,,728
CORSA 130-70 13,TIRES,11,,,2950,2900,,,729
CORSA 110-70 13,TIRES,3,,,2750,2700,,,730
QUICK TIRE 100-80 14,TIRES,3,,,1550,1500,,,731
QUICK TIRE 90-80 14,TIRES,,,,1200,,,,732
QUICK TIRE 80-80 14,TIRES,3,,,1200,1150,,,733
PIRELLI 100-80 14,TIRES,1,,,2950,2900,,,734
PIRELLI 90-90 14,TIRES,2,,,2100,2050,,,735
PIRELLI 70-90 14,TIRES,2,,,1900,1850,,,736
PIRELLI 80-90 17,TIRES,2,,,2850,2800,,,737
PIRELLI 90-80 17,TIRES,2,,,2950,2900,,,738
ZENEOS ZN62 140-70 14,TIRES,1,,,3300,3200,,,739
ZENEOS ZN62 120-70 14,TIRES,7,,,2400,2350,,,740
ZENEOS ZN62 110-80 14,TIRES,13,,,2450,2400,,,741
ZENEOS ZN62 100-80 14,TIRES,,,,1900,,,,742
ZENEOS ZN62 90-80 14,TIRES,24,,,1700,1650,,,743
ZENEOS ZN62 70-90 14,TIRES,,,,,,,,744
ZENEOS ZN62 130-70 17,TIRES,,,,3400,,,,745
ZENEOS ZN62 120-70 17,TIRES,1,,,3050,3000,,,746
ZENEOS ZN62 110-70 17,TIRES,,,,2600,,,,747
ZENEOS ZN62 90-80 17,TIRES,,,,2000,,,,748
ZENEOS ZN62 80-90 17,TIRES,3,,,1900,1850,,,749
ZENEOS ZN62 70-90 17,TIRES,3,,,1600,1550,,,750
ZENEOS ZN62 80-80 14,TIRES,10,,,1400,1350,,,751
MAXXIS 130-70 17,TIRES,1,,,4150,4100,,,752
MAXXIS 90-80 17,TIRES,,,,1650,,,,753
MAXXIS 80-80 17,TIRES,18,,,1350,1300,,,754
MAXXIS 70-80 17,TIRES,5,,,1300,1250,,,755
MAXXIS 60-80 17,TIRES,,,,1100,1050,,,756
MAXXIS 100-80 17,TIRES,,,,2100,2000,,,757
PAG BEARING 6003,BEARING,3,,,280,,,,758
SAIYAN BEARING 6304,BEARING,11,,,150,,,,759
SAIYAN BEARING 6030,BEARING,5,,,150,,,,760
JTECKT BEARING 6204,BEARING,18,,,200,,,,761
KOYO BEARING 6202,BEARING,4,,,200,,,,762
SEPTWOLVES BEARING 6005,BEARING,25,,,150,,,,763
SUMTAL BEARING RFI BALL RACE,BEARING,8,,,450,,,,764
SAIYAN BEARING 6204,BEARING,2,,,150,,,,765
KOYO BEARING 6304,BEARING,5,,,250,,,,766
NTN BEARING 6904,BEARING,5,,,300,,,,767
NTN BEARING 6909,BEARING,5,,,350,,,,768
NTN BEARING 6205,BEARING,1,,,350,,,,769
KOYO BEARING 6204,BEARING,10,,,250,,,,770
SAIYAN BEARING 6204,BEARING,8,,,150,,,,771
KOYO BEARING 6300,BEARING,14,,,200,,,,772
NSK BEARING HONDA TMX ,BEARING,2,,,200,,,,773
NSK BEARING 6302,BEARING,12,,,150,,,,774
KOZA BALL RACE MIO/NMAX,BEARING,3,,,450,,,,775
PAG BALL RACE RFI,BEARING,7,,,450,,,,776
PAG BALL RACE AEROX,BEARING,1,,,450,,,,777
PAG BALL RACE CLICK/WAVE 125,BEARING,3,,,450,,,,778
PETRON SPRINT,OIL,17,,,220,,,,779
HONDA SCOOTER,OIL,3,,,390,,,,780
HONDA GOLD,OIL,6,,,310,,,,781
HONDA RX,OIL,1,,,350,,,,782
PETRON REVX,OIL,9,,,200,,,,783
NATIONAL 2T,OIL,4,,,220,,,,784
SAIYAN TIRE SEALANT,OIL,10,,,150,,,,785
MOTUL GEAR OIL,OIL,23,,,200,,,,786
555 MULTI PURPOSE OIL,OIL,17,,,80,,,,787
SSCI COOLANT 2L,OIL,5,,,420,,,,788
ECO COOL COLLANT 500ML,OIL,1,,,150,,,,789
NATIONAL BRAKE FLUID DOT 4,OIL,18,,,310,,,,790
UNI OIL BRAKE FUILD 1L,OIL,1,,,300,,,,791
UNI OIL BRAKE FLUID 270ML,OIL,5,,,150,,,,792
UNI OIL BRAKE FLUID 150ML,OIL,5,,,90,,,,793
PLATINUM POWER STEERING FLUID,OIL,10,,,250,,,1,794
GRACING OIL,OIL,8,,,350,,,,795
CASTROL ACTIV 800ML,OIL,23,,,280,,,,796
CASTROL ACTIV 1L,OIL,7,,,280,,,,797
CASTROL GO 1L,OIL,7,,,280,,,,798
MOBIL SUPER MOTO,OIL,2,,,500,,,,799
ENEOS 20W-50,OIL,6,,,325,,,,800
ENEOS SAE 40,OIL,31,,,350,,,,801
PLATINUM XRACE,OIL,6,,,350,,,,802
SHELL AX7 BUNDLE,OIL,7,,,350,,,,803
MOTUL POWER LE,OIL,31,,,570,,,,804
MOTUL 3000 PLUS,OIL,5,,,390,,,,805
MOTUL SCOOTER,OIL,10,,,350,,,,806
YABALUBE AT,OIL,21,,,350,,,,807
YABALUBE,OIL,19,,,350,,,,808
SHELL AX7 1L,OIL,11,,,350,,,,809
SHELL AX7 800ML,OIL,1,,,320,,,,810
ZIC MANUAL,OIL,3,,,380,,,,811
ZIC SCOOTER,OIL,13,,,380,,,,812
CASTROL SCOOTER 800ML,OIL,3,,,300,,,,813
CASTROL ACTIVE,OIL,9,,,270,,,,814
CASTROL POWER,OIL,7,,,350,,,,815
SHELL RIMULA,OIL,6,,,330,,,,816
TOYOTA OIL F/S,OIL,8,,,320,,,,817
UNI OIL DELUX,OIL,12,,,220,,,,818
NATIONAL RACING 4T M/T,OIL,5,,,270,,,,819
NATIONAL SCOOTER,OIL,5,,,270,,,,820
NATIONAL MULTI GRADE,OIL,8,,,200,,,,821
ZIC GEAR OIL,OIL,72,,,90,,,,822
MTRT CLUTCH ASSEMBLY MIO,CVT,3,,,2000,,,,823
MTRT BELL NMAX,CVT,2,,,2500,,,,824
MTRT BELL M3,CVT,2,,,2500,,,,825
MTRT BELL ,CVT,2,,,2500,,,,826
MTRT CLUTCH ASSEMBLY,CVT,2,,,2000,,,,827
RS8 IGNITION COIL,CVT,5,,,850,,,,828
FAITO IGNITION COIL BEAT FI,CVT,3,,,1250,,,,829
FAITO IGNITION COIL YAMAHA FI,CVT,4,,,1250,,,,830
FAITO IGNITION COIL FT02,CVT,1,,,1250,,,,831
FAITO CRANKSHAFT BEARING R150,CVT,4,,,1650,,,,832
FAITO CRANKSHAFT BEARING SNIPER,CVT,4,,,1650,,,,833
FAITO CLUTCH AND GASKET SNIPER,CVT,2,,,,,,,834
BWIN PULLEY NMAX,CVT,0,,,2000,,,,835
BWIN PULLEY PCX 160,CVT,2,,,2000,,,,836
MUTARO PULLEY SET BURGMAN,CVT,2,,,4400,,,,837
HIRC BELL M3,CVT,3,,,1600,,,,838
HIRC BELL AEROX/NMAX,CVT,8,,,1600,,,,839
HIRC BELL MIO,CVT,4,,,1600,,,,840
HIRC BELL CLICK,CVT,8,,,1600,,,,841
HIRC CLUTCH ASSEMBLY AEROX/NMAX,CVT,13,,,1650,,,,842
HIRC CLUTCH ASSEMBLY MIO,CVT,2,,,1650,,,,843
HIRC CLUTCH SHOE NMAX/AEROX,CVT,10,,,850,,,,844
HIRC CLUTCH SHOE M3,CVT,0,,,850,,,,845
HIRC PULLEY AEROX/NMAX,CVT,3,,,2500,,,,846
HIRC PULLEY CLICK,CVT,5,,,2100,,,,847
HIRC PULLEY PCX 160,CVT,4,,,2100,,,,848
HIRC PULLEY MIO,CVT,4,,,2100,,,,849
TSMP PULLEY AEROX/NMAX,CVT,3,,,2500,,,,850
TSMP PULLEY M3,CVT,3,,,2500,,,,851
TSMP PULLEY MIO,CVT,3,,,2500,,,,852
TSMP PULLEY PCX/ADV 150,CVT,12,,,2600,,,,853
TSMP PULLEY CLICK 125/150,CVT,3,,,2600,,,,854
TSMP PULLEY XMAX,CVT,3,,,4900,,,,855
RS8 PULLEY NMAX/AEROX ,CVT,7,,,3200,,,,856
RS8 PULLEY MIO 125i,CVT,7,,,2850,,,,857
RS8 PULLEY MIO SPORTY,CVT,0,,,2750,,,,858
RS8 PULLEY ADV/PCX/CLICK,CVT,5,,,2850,,,,859
RS8 BELL NMAX/AEROX,CVT,3,,,2000,,,,860
RS8 BELL M3,CVT,7,,,1900,,,,861
RS8 BELL SPORTY,CVT,0,,,1800,,,,862
RS8 BELL PCX/ADV/CLICK,CVT,1,,,1950,,,,863
RS8 CLUTCH ASSEMBLY BEAT FI,CVT,5,,,1700,,,,864
RS8 CLUTCH ASSEMBLY M3/NMAX/ADV/AEROX,CVT,18,,,2000,,,,865
RS8 CLUTCH SHOE ADV/M3/NMAX/AEROX,CVT,4,,,950,,,,866
RS8 CLUTCH SHOE BEAT FI,CVT,2,,,850,,,,867
RS8 CAMSHAFT BEARING CLICK 125/150,CVT,4,,,450,,,,868
RS8 CRANKSHAFT BEARING NMAX,CVT,3,,,850,,,,869
JVT PULLEY M3,CVT,7,,,2550,,,,870
JVT PULLEY MIO,CVT,5,,,2450,,,,871
JVT PULLEY AEROX/NMAX,CVT,3,,,2950,,,,872
JVT PULLEY CLICK 125/150,CVT,3,,,2700,,,,873
JVT PULLEY PCX 160,CVT,5,,,2900,,,,874
JVT PULLEY BEAT FI,CVT,1,,,2500,,,,875
JVT CLUTCH ASSEMBLY NMAX/AEROX,CVT,4,,,1900,,,,876
JVT CLUTCH ASSEMBLY M3,CVT,2,,,1800,,,,877
JVT CLUTCH ASSEMBLY SPORTY,CVT,2,,,1800,,,,878
JVT CLUTCH ASSEMBLY ADV/CLICK/PCX,CVT,5,,,1900,,,,879
JVT CLUTCH BELL BEAT FI,CVT,1,,,1700,,,,880
JVT CLUTCH BELL SPORTY,CVT,5,,,1800,,,,881
JVT CLUTCH BELL M3,CVT,7,,,1800,,,,882
MTRT PULLEY M3,CVT,2,,,2200,,,,883
MTRT PULLEY AEROX/NMAX,CVT,1,,,3500,,,,884
ABSOLUTE PERFORMANCE TORQUE DRIVE M3,CVT,1,,,,,,,885
TSMP CLUTCH AND BELL XMAX,CVT,2,,,6900,,,,886
TSMP CLUTCH AND BELL CLICK 125,CVT,3,,,4400,,,,887
TSMP TORQUE DRIVE ADV/PCX/CLICK 150,CVT,2,,,4400,,,,888
TSMP FEMALE TORQUE DRIVE,CVT,1,,,,,,,889
WF PULLEY MIO ,CVT,2,,,2700,,,,890
GRACING PULLEY AEROX/NMAX,CVT,0,,,2900,,,,891
GRACING PULLEY CLICK/PCX/ADV 160,CVT,4,,,2900,,,,892
GRACING PULLEY CLICK/PCX/ADV 150,CVT,5,,,2900,,,,893
WF PULLEY NMAX,CVT,9,,,2950,,,,894
AIR FILTER PCX 160,AIR FILTER,8,,,,,,,895
AIR FILTER BEAT FI,AIR FILTER,5,,,550,,,,896
AIR FILTER CLICK 150,AIR FILTER,3,,,300,,,,897
AIR FILTER MIO 125 M3,AIR FILTER,2,,,350,,,,898
AIR FILTER BEAT FI,AIR FILTER,7,,,550,,,,899
AIR FILTER SNIPER,AIR FILTER,1,,,650,,,,900
AIR FILTER CLICK 125,AIR FILTER,18,,,400,,,,901
AIR FILTER FAZZIO 125,AIR FILTER,5,,,350,,,,902
AIR FILTER MIO GEAR,AIR FILTER,3,,,350,,,,903
AIR FILTER RAIDER FI,AIR FILTER,6,,,,,,,904
AIR FILTER WAVE 125,AIR FILTER,2,,,220,,,,905
AIR FILTER ADV 150,AIR FILTER,1,,,650,,,,906
AIR FILTER PCX 150,AIR FILTER,5,,,,,,,907
AIR FILTER NMAX V1,AIR FILTER,2,,,650,,,,908
AIR FILTER NMAX V2,AIR FILTER,17,,,650,,,,909
AIR FILTER XRM 110,AIR FILTER,2,,,,,,,910
AIR FILTER MIO SPORTY,AIR FILTER,2,,,250,,,,911
AIR FILTER AEROX V2,AIR FILTER,9,,,650,,,,912
B74-WE445-00-3,V-BELT,3,,,,,,,913
ZPV-E4450-00-5,V-BELT,5,,,,,,,914
B65-E7641-00,V-BELT,28,,,950,,,,915
5TL-E7641-01,V-BELT,18,,,650,,,,916
2PH-E7641-00,V-BELT,6,,,750,,,,917
B5X-E7641-00 XMAX,V-BELT,3,,,2400,,,,918
44D-E7641-00,V-BELT,3,,,750,,,,919
C059-JVT-B65,V-BELT,3,,,1100,,,,920
BANDO 23100-K35-V01,V-BELT,1,,,1150,,,,921
C064-JVT-2DP,V-BELT,1,,,1100,,,,922
C058-JVT-2PH,V-BELT,3,,,1100,,,,923
C060-JVT-5TL,V-BELT,2,,,1100,,,,924
BANDO 27601-4G610-000,V-BELT,1,,,,,,,925
HONDA 23100-K36-J02,V-BELT,1,,,1150,,,,926
RFI 175,V-BELT,3,,,,,,,927
"BANDO 23100-K1Z, K2S-V01",V-BELT,4,,,,,,,928
MITSUBISHI 23100-K97-T01,V-BELT,5,,,,,,,929
5VV-E7641-50,V-BELT,2,,,,,,,930
POWERLINK 23100-K44-V01,V-BELT,2,,,,,,,931
HONDA 23100-K970T01,V-BELT,2,,,,,,,932
FLAT SEAT NMAX V1 BOMX-BLUE,FLAT SEAT,2,,,2900,,,,934
FLAT SEAT NMAX V1 ZENO-RED,FLAT SEAT,1,,,2900,,,,935
FLAT SEAT NMAX V2 BOMX-BLACK,FLAT SEAT,3,,,2900,,,,936
FLAT SEAT NMAX V2 BOMX-BLUE,FLAT SEAT,1,,,2900,,,,937
FLAT SEAT ADV 150 ZENO-RED,FLAT SEAT,1,,,2900,,,,938
FLAT SEAT MIO SPORTY JRF-BLACK,FLAT SEAT,1,,,1900,,,,939
FLAT SEAT MIO SPORTY ZENO-RED,FLAT SEAT,1,,,1900,,,,940
FLAT SEAT MIO SPORTY BOMX-BLUE,FLAT SEAT,2,,,2100,,,,941
FLAT SEAT RAIDER FI BOMX-BLACK,FLAT SEAT,6,,,2100,,,,942
FLAT SEAT RAIDER FI BOMX-BLUE,FLAT SEAT,1,,,2100,,,,943
FLAT SEAT RAIDER FI ZENO-ORANGE,FLAT SEAT,1,,,1400,,,,944
FLAT SEAT MIO M3 BOMX-BLACK,FLAT SEAT,2,,,2100,,,,945
FLAT SEAT AEROX V2 BOMX-BLUE,FLAT SEAT,1,,,2900,,,,946
FLAT SEAT AEROX V2 BOMX-BLACK,FLAT SEAT,3,,,2900,,,,947
FLAT SEAT AEROX V2 ZENO-BLACK,FLAT SEAT,2,,,2100,,,,948
FLAT SEAT AEROX V1 BOMX-BLACK,FLAT SEAT,1,,,2900,,,,949
FLAT SEAT AEROX V1 BOMX-BLUE,FLAT SEAT,2,,,2900,,,,950
FLAT SEAT SNIPER BOMX-BLACK,FLAT SEAT,8,,,2100,,,,951
FLAT SEAT SNIPER BOMX-BLUE,FLAT SEAT,2,,,2100,,,,952
FLAT SEAT SNIPER ZENO-RED,FLAT SEAT,1,,,1400,,,,953
FLAT SEAT WAVE 125I BOMX-BLACK,FLAT SEAT,3,,,1900,,,,954
FLAT SEAT WAVE 125R BOMX-BLACK,FLAT SEAT,3,,,1900,,,,955
FLAT SEAT BEAT FI ZENO-BLACK,FLAT SEAT,1,,,1400,,,,956
FLAT SEAT CLICK 125/150 ZENO-BLUE,FLAT SEAT,1,,,1500,,,,957
FLAT SEAT CLICK 125/150 BOMX-BLACK,FLAT SEAT,2,,,2100,,,,958
STOCK SEAT CLICK 125/150 BLACK,FLAT SEAT,1,,,2000,,,,959
FLAT SEAT CLICK 160 BOMX BLACK,FLAT SEAT,2,,,2900,,,,960
FLAT SEAT CLICK 160 BOMX BLUE,FLAT SEAT,2,,,2900,,,,961
FLAT SEAT CLICK 160 ZENO BLACK,FLAT SEAT,3,,,2000,,,,962
ORIGINAL STOCK SEAT AEROX V2,FLAT SEAT,1,,,2000,,,,963
DAMAGE FLAT SEAT CLICK 125/150 ZENO BLACK,FLAT SEAT,1,,,1000,,,,964
FLAT SEAT GRACING PCX 150/160 BLACK,FLAT SEAT,1,,,2900,,,,965
VITON VALVE SEAL CLICK 125/150,GENUINE PARTS,12,,,150,,,,966
VITON VALVE SEAL TMX 155,GENUINE PARTS,6,,,150,,,,967
SUZUKI REPLACEMENT VALVE SEAL RAIDER 150,GENUINE PARTS,8,,,,,,,968
YAMAHA GENUINE 5W-E2119-00 MIO M3/SPORTY,GENUINE PARTS,6,,,,,,,969
HONDA 12532-PC2-008 VALVE SEAL,GENUINE PARTS,5,,,,,,,970
HONDA 12208-413-003 VALVE SEAL,GENUINE PARTS,2,,,,,,,971
HONDA GENUINE 22804-148-000 VALVE SEAL,GENUINE PARTS,4,,,,,,,972
TW UNIVERSAL VALVE SEAL,GENUINE PARTS,9,,,,,,,973
TW VALVE SEAL NMAX/M3/AEROX,GENUINE PARTS,10,,,,,,,974
SGP 09289-04002-000 VALVE SEAL,GENUINE PARTS,22,,,,,,,975
JAPAN XRM CAP TAPPET ORING,GENUINE PARTS,4,,,,,,,976
JAPAN TAPPET ORING,GENUINE PARTS,3,,,,,,,977
STARMAGS MIO SPORTY SILVER,WHEELS,11,,,6300,,,,978
STARMAGS MIO SPORTY VIOLET,WHEELS,5,,,6300,,,,979
STARMAGS MIO SPORTY BLACK,WHEELS,4,,,6300,,,,980
LUNA MIO SPORTY VIOLET,WHEELS,1,,,6800,,,,981
LUNA MIO SPORTY BLACK,WHEELS,1,,,6800,,,,982
LUNA MIO SPORTY SILVER,WHEELS,2,,,6800,,,,983
GRACING MIO M3 SILVER,WHEELS,2,,,9300,,,,984
GRACING MIO SPORTY SILVER,WHEELS,2,,,9300,,,,985
GRACING MIO SPORTY RED,WHEELS,1,,,9300,,,,986
GRACING CLICK SILVER,WHEELS,1,,,9300,,,,987
GRACING CLICK RED,WHEELS,1,,,9300,,,,988
LUNA BEAT FI VIOLET,WHEELS,1,,,6800,,,,989
STAR GIORNO VIOLET,WHEELS,4,,,7500,,,,990
STAR GIORNO BLUE,WHEELS,1,,,7500,,,,991
LUNA MIO M3 SILVER,WHEELS,5,,,6800,,,,992
LUNA MIO M3 BLACK,WHEELS,3,,,6800,,,,993
LUNA MIO M3 RED,WHEELS,5,,,6800,,,,994
LUNA MIO M3 GRAY,WHEELS,3,,,6800,,,,995
STAR MIO M3 BLUE,WHEELS,5,,,6800,,,,996
STAR MIO M3 VIOLET,WHEELS,1,,,6800,,,,997
STAR MIO M3 RED,WHEELS,1,,,6800,,,,998
STAR MIO M3 SILVER,WHEELS,10,,,6800,,,,999
STAR NMAX (OLD) X13 SILVER,WHEELS,4,,,7300,,,,1000
DRACO NMAX (OLD) X14 SILVER,WHEELS,1,,,6800,,,,1001
STAR NMAX (NEW) X13 VIOLET,WHEELS,1,,,7300,,,,1002
STAR NMAX (NEW) X13 SILVER,WHEELS,1,,,7300,,,,1003
STAR AEROX GRAY,WHEELS,1,,,6800,,,,1004
STAR AEROX BLACK,WHEELS,1,,,6800,,,,1005
RCB SP500 MAGS NMAX GOLDEN BRONZE,WHEELS,2,,,7300,,,,1006
12 N5LBS,BATTERY,1,,,1100,,,,1007
SUN PIPE AEROX/NMAX,EXHAUST PIPES,4,,,6500,,,,1008
STARMAGS NMAX 2020 X14 VIOLET,WHEELS,4,,,6800,,,,1009
STARMAGS NMAX 2020 X13 BLUE,WHEELS,1,,,7300,,,,1010
STARMAGS NMAX 2020 X13 ORANGE,WHEELS,1,,,7300,,,,1011
STARMAGS CLICK 125 VIOLET,WHEELS,2,,,6300,,,,1012
SABER CLICK 125 RED,WHEELS,2,,,7300,,,,1013
SABER CLICK 125 VIOLET,WHEELS,1,,,7300,,,,1014
SABER CLICK 125 BLUE,WHEELS,1,,,7300,,,,1015
STARMAGS MIO SPORTY RED,WHEELS,3,,,6300,,,,1016
STARMAGS MIO SPORTY BLUE,WHEELS,3,,,6300,,,,1017
STARMAGS CLICK 160 BLACK,WHEELS,5,,,6800,,,,1018
STARMAGS AEROX VIOLET,WHEELS,5,,,6800,,,,1019
STARMAGS PCX SILVER,WHEELS,8,,,6800,,,,1020
STARMAGS PCX 160 VIOLET,WHEELS,8,,,6800,,,,1021
CNC BOLTS 10X60,OTHERS,,,,,,,,1022
CNC BOLTS 10X55,OTHERS,,,,,,,,1023
CNC BOLTS 10X50,OTHERS,,,,,,,,1024
CNC BOLTS 10X45,OTHERS,,,,,,,,1025
CNC BOLTS 10X40,OTHERS,,,,,,,,1026
CNC BOLTS 10X35,OTHERS,,,,,,,,1027
CNC BOLTS 10X30,OTHERS,,,,,,,,1028
CNC BOLTS 10X25,OTHERS,,,,,,,,1029
CNC BOLTS 10X20,OTHERS,,,,,,,,1030
CNC BOLTS 10X15,OTHERS,,,,,,,,1031
CNC BOLTS 8X60,OTHERS,,,,,,,,1032
CNC BOLTS 8X55,OTHERS,,,,,,,,1033
CNC BOLTS 8X50,OTHERS,,,,,,,,1034
CNC BOLTS 8X45,OTHERS,,,,,,,,1035
CNC BOLTS 8X40,OTHERS,,,,,,,,1036
CNC BOLTS 8X35,OTHERS,,,,,,,,1037
CNC BOLTS 8X30,OTHERS,,,,,,,,1038
CNC BOLTS 8X25,OTHERS,,,,,,,,1039
CNC BOLTS 8X20,OTHERS,,,,,,,,1040
CNC BOLTS 8X15,OTHERS,,,,,,,,1041
CNC BOLTS 6X85,OTHERS,,,,,,,,1042
CNC BOLTS 6X80,OTHERS,,,,,,,,1043
CNC BOLTS 6X75,OTHERS,,,,,,,,1044
CNC BOLTS 6X70,OTHERS,,,,,,,,1045
CNC BOLTS 6X65,OTHERS,,,,,,,,1046
CNC BOLTS 6X60,OTHERS,,,,,,,,1047
CNC BOLTS 6X55,OTHERS,,,,,,,,1048
CNC BOLTS 6X50,OTHERS,,,,,,,,1049
CNC BOLTS 6X45,OTHERS,,,,,,,,1050
CNC BOLTS 6X40,OTHERS,,,,,,,,1051
CNC BOLTS 6X35,OTHERS,,,,,,,,1052
CNC BOLTS 6X30,OTHERS,,,,,,,,1053
CNC BOLTS 6X25,OTHERS,,,,,,,,1054
CNC BOLTS 6X20,OTHERS,,,,,,,,1055
CNC BOLTS 6X15,OTHERS,,,,,,,,1056
CNC BOLTS 6X20 BIG HEAD,OTHERS,,,,,,,,1057
FEMALE NO 12 CLOSE,OTHERS,,,,,,,,1058
DISC NUT GEAR HONDA,OTHERS,,,,,,,,1059
DISC NUT GEAR YAMAHA,OTHERS,,,,,,,,1060
CRANK CASE GEAR TYPE RFI,OTHERS,,,,,,,,1061
CRANK CASE GEAR TYPE RAIDER 150,OTHERS,,,,,,,,1062
BODY BOLTS YAMAHA 5X15,OTHERS,,,,,,,,1063
BODY BOLTS HONDA 4X16,OTHERS,,,,,,,,1064
BRAKE MASTER BOLT COVER 4X12,OTHERS,,,,,,,,1065
WIND SHIELD BOLT,OTHERS,,,,,,,,1066
M3 CRANK BOLT SET,OTHERS,,,,,,,,1067
NMAX/AEROX CRANK COVER BOLT,OTHERS,,,,,,,,1068
BAR END,OTHERS,,,,,,,1,1069
BANJO BOLT,OTHERS,,,,,,,,1070
CNC ASSORTED BOLT,OTHERS,,,,,,,,1071
BRAKE LEVER BOLT,OTHERS,,,,,,,,1072
HENG RAIDER HEAD BOLT,OTHERS,,,,,,,,1073
GOLD BOLTS 10X40,OTHERS,,,,,,,,1074
SIDE MIRROR BOLT HONDA,OTHERS,,,,,,,,1075
SIDE MIRROR BOLT YAMAHA,OTHERS,,,,,,,,1076
GEAR OIL BOLT YAMAHA,OTHERS,,,,,,,,1077
OIL BOLT DRILL,OTHERS,,,,,,,,1078
OIL BOLT XMAX/RAIDER,OTHERS,,,,,,,,1079
MIO AXLE,OTHERS,,,,,,,,1080
CLICK AXLE,OTHERS,,,,,,,,1081
WAVE AXLE,OTHERS,,,,,,,,1082
NMAX AXLE,OTHERS,,,,,,,,1083
AEROX AXLE,OTHERS,,,,,,,,1084
HENG RAIDER AXLE,OTHERS,,,,,,,,1085
PLATE BOLT,OTHERS,,,,,,,,1086
GRAING OIL,OIL,,,,,,,,1087
2.75 X 14 INTERIOR,OTHERS,,,,,,,,1088
2.50 X 14 INTERIOR,OTHERS,,,,,,,,1089
2.75 X 17 INTERIOR,OTHERS,,,,,,,,1090
2.50 X 17 INTERIOR,OTHERS,,,,,,,,1091
HUB SIDE WHEEL MAGS,WHEELS,,,,,,,,1092
TOP BOX BRACKET ADV 160,BRACKET,,,,,,,,1093
TOP BOX BRACKET VARIO,BRACKET,,,,,,,,1094
FOAM MTX,COSMETIC,,,,,,,,1095
PRANELA MTX,COSMETIC,,,,,,,,1096
HYLOS NVX PURPLE,WHEELS,,,,6900,,,,1097
HYLOS NVX BLUE,WHEELS,,,,6900,,,,1098
BOMX SNIPER,WHEELS,,,,6000,,,,1099
ZENO SCOOTER,WHEELS,,,,200,,,,1100
MOTUL SCOOTER,OIL,,,,380,,,,1101
ZENO EXCEL,OIL,,,,190,,,,1102
ZENO CVT,OTHERS,,,,150,,,,1103
KOBY HIGH TEMP SPRAY BLACK,COSMETIC,,,,220,,,,1104
KOBY SPRAY PAINT BLACK,COSMETIC,,,,150,,,,1105
SAIYAN TIRE SEALANT,COSMETIC,,,,150,,,,1106
UNI BRAKE FLUID 1L,OIL,,,,290,,,,1107
ZIC SCOOTER,OIL,,,,380,,,,1108
KOBY PAINT REMOVER,COSMETIC,,,,150,,,,1109
SHELL LONG RIDE,OIL,,,,450,,,,1110
SHELL AX7,OIL,,,,380,,,,1111
UNI OIL COOLANT,OIL,,,,220,,,,1112
UNI DIESEL,OIL,,,,220,,,,1113
TGO PIPE,EXHAUST PIPES,,,,1850,,,,1114
PERFECT POWER 2.50X17,WHEELS,,,,2200,,,,1115
PERFECT POWER 2.15 X 17,WHEELS,,,,1650,,,,1116
FLAT SEAT RFI,FLAT SEAT,,,,2100,,,,1117
ENEOS SCOOTER,OIL,,,,310,,,,1118
ENEOS MANUAL,OIL,,,,290,,,,1119
ZENO GEAR OIL,OIL,,,,80,,,,1120
ZIC M9,OIL,,,,380,,,,1121
TOP BOX BRACKET CLICK 125,BRACKET,,,,1650,,,,1122
YAMALUBE BLUE CORE,OIL,,,,390,,,,1123
RCB LEVER CLUTCH PERTCH E2/E3-SL,LEVERS,2,,,1550,,,,1124
RCB LEVER AIRBLADE/VARIO 150 SILVER,LEVERS,7,,,1550,,,,1125
RCB LEVER AIRBLADE/VARIO 150 BLACK,LEVERS,5,,,1550,,,,1126
RCB LEVER ADV 150 SILVER,LEVERS,4,,,1550,,,,1127
RCB LEVER BELANG FI/GSX 150 SILVER,LEVERS,2,,,1550,,,,1128
RCB LEVER BELANG FI/GSX 150 BLACK,LEVERS,5,,,1550,,,,1129
RCB LEVER SNIPER BLACK,LEVERS,4,,,1550,,,,1130
RCB LEVER SNIPER SILVER,LEVERS,4,,,1550,,,,1131
RCB LEVER AEROX SILVER,LEVERS,1,,,1550,,,,1132
RCB LEVER AEROX BLACK,LEVERS,4,,,1550,,,,1133
RCB LEVER NMAX BLACK,LEVERS,8,,,1550,,,,1134
RCB LEVER NMAX SILVER,LEVERS,5,,,1550,,,,1135
RCB LEVER BELANG 150 RED,LEVERS,4,,,1550,,,,1136
RCB LEVER SPORTY BLACK,LEVERS,2,,,1550,,,,1137
RCB LEVER SPORTY SILVER,LEVERS,3,,,1550,,,,1138
RCB LEVER M3 BLACK,LEVERS,1,,,1550,,,,1139
RCB LEVER FAZIO SILVER,LEVERS,2,,,1550,,,,1140
NAGAMAKI GRIP,LEVERS,5,,,450,,,,1141
HG55 GRIP,LEVERS,4,,,400,,,,1142
AHG55 SILVER GRIP,LEVERS,4,,,400,,,,1143
BRAKE MASTER REAR SNIPER,LEVERS,2,,,1100,,,,1144
RCB BRAKE FLUID TANK A2 GOLD,LEVERS,1,,,950,,,,1145
MAGASI LEVER MIO BLUE,LEVERS,2,,,550,,,,1146
MAGASI LEVER MIO SILVER,LEVERS,1,,,550,,,,1147
TRC BRAKE HOSE 210CM,HOSE,14,,,970,,,,1148
EARL BRAKE HOSE 90CM,HOSE,15,,,380,,,,1149
EARL BRAKE HOSE 55CM,HOSE,15,,,380,,,,1150
YAMAHA GENUINE CYLINDER HEAD GASKET 2BL-E1181-00,GENUINE PARTS,13,,,250,,,,1151
HONDA GENUINE BASE GASKET CLICK 125/12 PLI-KZR-600,GENUINE PARTS,13,,,250,,,,1152
YAMAHA GENUINE BASE GASKET 2PH-E1351-00,GENUINE PARTS,13,,,250,,,,1153
YAMAHA GENUINE HEAD GASKET 2DP-E1351-00,GENUINE PARTS,13,,,250,,,,1154
YAMAHA GENUINE BASE GASKET 5LW-E1351-00,GENUINE PARTS,4,,,250,,,,1155
TW HEAD GASKET MIO,GENUINE PARTS,8,,,150,,,,1156
SGP GENUINE HEAD GASKET R150I,GENUINE PARTS,4,,,250,,,,1157
SGP GENUINE BASE GASKET R150I,GENUINE PARTS,5,,,250,,,,1158
SGP GENUINE HEAD GASKET R150 FI,GENUINE PARTS,2,,,250,,,,1159
SGP GENUINE BASE GASKET R150 FI,GENUINE PARTS,5,,,250,,,,1160
YAMAHA REPLACEMENT CYLINDER HEAD GASKET RUBBER,GENUINE PARTS,10,,,250,,,,1161
HONDA GENUINE CYLINDER HEAD GASKET TMX,GENUINE PARTS,5,,,150,,,,1162
HONDA GENUINE SCREW TAPPET ADJUSTING,GENUINE PARTS,10,,,,,,,1163
HONDA GENUINE FRONT FORK OIL SEAL CLICK V1/V2,GENUINE PARTS,6,,,,,,,1164
HONDA GENUINE MAGNETO OIL SEAL CLICK/PCX/ADV,GENUINE PARTS,5,,,,,,,1165
HONDA GENUINE BEARING COMP CLICK 125/PCX/ADV,GENUINE PARTS,4,,,,,,,1166
YAMAHA GENUINE 3HB-F3145-00 FORK OIL SEAL NMAX,GENUINE PARTS,12,,,,,,,1167
YAMAHA GENUINE 93102-24802 PULLEY OIL SEAL NMAX/AEROX,GENUINE PARTS,0,,,,,,,1168
YAMAHA GENUINE 93102-22829 MAGNETO OIL SEAL NMAX/AEROX,GENUINE PARTS,9,,,,,,,1169
YAMAHA GENUINE 93102-20815 PRIMARY DRIVE OIL SEAL,GENUINE PARTS,5,,,,,,,1170
YAMAHA GENUINE 93102-30802 PULLEY SIDE OIL SEAL NMAX V1,GENUINE PARTS,4,,,,,,,1171
YAMAHA GENUINE 2DP-E7465-00 TORQUE DRIVE OIL SEAL,GENUINE PARTS,6,,,,,,,1172
YAMAHA GENUINE 2SX-E7465-00 TORQUE DRIVE OIL SEAL,GENUINE PARTS,8,,,,,,,1173
YAMAHA GENUINE 93102-25816 PULLEY OIL SEAL M3,GENUINE PARTS,6,,,,,,,1174
YAMAHA GENUINE 3HB-F314500 FORK OIL SEAL,GENUINE PARTS,7,,,,,,,1175
YAMAHA GENUINE 93102-24802 PULLEY OIL SEAL,GENUINE PARTS,24,,,,,,,1176
JAPAN MAGNETO KIT XRM 110,GENUINE PARTS,10,,,,,,,1177
JAPAN ENGINE SPROCKET OIL SEAL,GENUINE PARTS,7,,,,,,,1178
JAPAN KICK ARM OIL SEAL,GENUINE PARTS,6,,,,,,,1179
HONDA GENUINE 91202-KWN-901,GENUINE PARTS,4,,,,,,,1180
MKC GENUINE 51440-KGH-901 FORK OIL SEAL TMX 125,GENUINE PARTS,8,,,,,,,1181
JAPAN MAGNETO KIT TMX 155/125,GENUINE PARTS,6,,,,,,,1182
JAPAN FORK OIL SEAL,GENUINE PARTS,2,,,,,,,1183
VITON MAGNETO KIT TMX 155,GENUINE PARTS,2,,,,,,,1184
YAMAHA CAP TAPPET ORING MIO,GENUINE PARTS,3,,,,,,,1185
JAPAN CLUTCH ARM OIL SEAL TMX 155,GENUINE PARTS,4,,,,,,,1186
YAMAHA TIMING CHAIN ORING,GENUINE PARTS,4,,,,,,,1187
SGP GENUINE CARBON BRUSH 2/O BASE RAIDER JUNIOR,GENUINE PARTS,3,,,,,,,1188
LIFAN CARBON BRUSH W/O BASE,GENUINE PARTS,3,,,,,,,1189
JAPAN CARBON BRUSH SET XRM 110,GENUINE PARTS,2,,,,,,,1190
YAMAHA GENUINE 2DP-E2160-01 ROCKER ARM,GENUINE PARTS,2,,,,,,,1191
YAMAHA GENUINE B6H-E2160-02 ROCKER ARM,GENUINE PARTS,2,,,,,,,1192
YAMAHA GENUINE 5TL-E7678-00 TORQUE DRIVE BEARING,GENUINE PARTS,8,,,,,,,1193
YAMAHA GENUINE 93306-202X8,GENUINE PARTS,9,,,,,,,1194
YAMAHA GENUINE 93306-272YB,GENUINE PARTS,5,,,,,,,1195
YAMAHA GENUINE 2PH-E2151-01 ROCKER ARM ASSEMBLY M3,GENUINE PARTS,5,,,,,,,1196
YAMAHA GENUINE VACUM PUMP MIO SPORTY,GENUINE PARTS,3,,,,,,,1197
YAMAHA GENUINE 2DP-E7678-00 TORQUE DRIVE BEARING SET,GENUINE PARTS,5,,,,,,,1198
YAMAHA GENUINE 2PH-E7412-00 TORQUE DRIVE BEARING,GENUINE PARTS,3,,,,,,,1199
MISHIBA ROCKER ARM ASSEMBLY GY6 125,GENUINE PARTS,2,,,,,,,1200
YAMAHA GENUINE 2PH-E7640-00 KICK STARTER GEAR ASSEMBLY,GENUINE PARTS,3,,,,,,,1201
YAMAHA GENUINE B63-E2280-00 CAM GEAR NMAX V2,GENUINE PARTS,2,,,,,,,1202
YAMAHA GENUINE 5MX-E2176-00 CAM GEAR MIO,GENUINE PARTS,2,,,,,,,1203
YAMAHA GENUINE 2PH-E2176-01 CAM GEAR M3,GENUINE PARTS,2,,,,,,,1204
MISHIBA SIDE MIRROR SUZUKI LONG,ACCESSORIES,10,,,200,,,,1205
KRS SIDE MIRROR TMX,ACCESSORIES,6,,,180,,,,1206
SIDE MIRROR,ACCESSORIES,2,,,250,,,,1207
NHC HANDLE SWITCH MOTORSTAR 150,ACCESSORIES,8,,,750,,,,1208
NHC HANDLE SWITCH TMX ALPHA RIGHT,ACCESSORIES,1,,,750,,,,1209
DOMINO HANDLE SWITCH WITH PASSING LEFT,ACCESSORIES,1,,,350,,,,1210
NGK SPARK PLUG TMX,PANTRA,1,,,150,,,1,
555 GEAR OIL,OIL,1,,,250,,,1,
